No.,Dataset,N_Variants,N_Max_Muts,Untrained_Performance_DCA,Untrained_Performance_ESM1v,Untrained_Performance_ProSST,Random_Split_1_DCA_hybrid,Random_Split_2_DCA_hybrid,Random_Split_3_DCA_hybrid,Random_Split_4_DCA_hybrid,Random_Split_5_DCA_hybrid,Random_Split_1_DCA+ESM1v_hybrid,Random_Split_2_DCA+ESM1v_hybrid,Random_Split_3_DCA+ESM1v_hybrid,Random_Split_4_DCA+ESM1v_hybrid,Random_Split_5_DCA+ESM1v_hybrid,Random_Split_1_DCA+ProSST_hybrid,Random_Split_2_DCA+ProSST_hybrid,Random_Split_3_DCA+ProSST_hybrid,Random_Split_4_DCA+ProSST_hybrid,Random_Split_5_DCA+ProSST_hybrid,Modulo_Split_1_DCA_hybrid,Modulo_Split_2_DCA_hybrid,Modulo_Split_3_DCA_hybrid,Modulo_Split_4_DCA_hybrid,Modulo_Split_5_DCA_hybrid,Modulo_Split_1_DCA+ESM1v_hybrid,Modulo_Split_2_DCA+ESM1v_hybrid,Modulo_Split_3_DCA+ESM1v_hybrid,Modulo_Split_4_DCA+ESM1v_hybrid,Modulo_Split_5_DCA+ESM1v_hybrid,Modulo_Split_1_DCA+ProSST_hybrid,Modulo_Split_2_DCA+ProSST_hybrid,Modulo_Split_3_DCA+ProSST_hybrid,Modulo_Split_4_DCA+ProSST_hybrid,Modulo_Split_5_DCA+ProSST_hybrid,Continuous_Split_1_DCA_hybrid,Continuous_Split_2_DCA_hybrid,Continuous_Split_3_DCA_hybrid,Continuous_Split_4_DCA_hybrid,Continuous_Split_5_DCA_hybrid,Continuous_Split_1_DCA+ESM1v_hybrid,Continuous_Split_2_DCA+ESM1v_hybrid,Continuous_Split_3_DCA+ESM1v_hybrid,Continuous_Split_4_DCA+ESM1v_hybrid,Continuous_Split_5_DCA+ESM1v_hybrid,Continuous_Split_1_DCA+ProSST_hybrid,Continuous_Split_2_DCA+ProSST_hybrid,Continuous_Split_3_DCA+ProSST_hybrid,Continuous_Split_4_DCA+ProSST_hybrid,Continuous_Split_5_DCA+ProSST_hybrid,Time_in_s
1,A0A140D2T1_ZIKV_Sourisseau_2019,9576,1,PDBseq neq WTseq
2,A0A192B1T2_9HIV1_Haddox_2018,12577,1,Sequence too long (852 > 600)
3,A0A1I9GEU1_NEIME_Kennouche_2019,922,1,0.05411293279402172,0.07207428613031318,0.047303886240045084,-0.04928669127689938,0.15119300689514967,0.014181585895217707,0.10675325522953774,0.043964778384818604,-0.017976073598702094,0.08404269181132104,0.12975434595379667,0.09925376908046603,0.06199366414985664,-0.09147130789468667,0.12552340113042965,0.09395907217962027,0.1562129322617565,0.014009561561887141,-0.05531775683408093,0.06278558972986106,0.28829339290381795,0.027646360948805508,0.0193850078174259,-0.04586957271677053,-0.04895025707415656,0.23004664930215152,0.07042057546299449,0.031186236066322367,0.038899388766534745,0.08461281450276825,0.2551439141421933,0.04250949671362989,-0.0387374167037556,0.057358026137344156,0.11698325109303387,0.17259716582253684,0.0680145887295762,0.1243874968349091,0.10476854830526693,0.06520981142700823,0.20010998626599621,0.10464943537661343,0.14307809422038859,0.07602858013619787,0.012248872587475458,0.18681501267439019,0.03459509676131014,0.18820764992567163,5474
4,A0A247D711_LISMN_Stadelmann_2021,1653,1,0.3257171454789246,0.1922849713838631,0.4683286023339054,0.425359788416616,0.4482956731636781,0.4139800340667575,0.39983529943172424,0.37945477532026367,0.6057987058523887,0.5695236533689353,0.5925738842577352,0.5631997726773084,0.5443000968386646,0.7344860026161634,0.6469789054856282,0.6511735912398791,0.6509204673814494,0.6143648037931253,0.10026340966202295,-0.050045305385736163,0.04402104411640051,-0.04977025155826621,0.1765502664331152,0.23702472477615977,0.2975087769175714,0.2425237153399762,0.36643939888658494,0.5418330566398947,0.500174535886334,0.4155296674266911,0.4742642255516514,0.42645668434508316,0.4912508608833821,0.33106297440345095,0.26049143171005745,-0.019370918896295188,0.014566511138794955,-0.15139881830894192,0.272742572212445,0.3194740996965452,0.3198733018784645,0.0954217237757609,0.20087384064978656,0.3190475140511522,0.69959970846981,0.5450796656559668,0.22032845683404303,0.33793774719352276,6466
5,A0A2Z5U3Z0_9INFA_Doud_2016,10715,1,10715 variant fitness pairs (below 50 or more than 600)
6,A0A2Z5U3Z0_9INFA_Wu_2014,2350,1,0.3336227599994097,0.43310916448256903,0.36612159772291447,0.3290070513276686,0.38641724656845045,0.3877587482428224,0.41259160702222375,0.33865741941032906,0.4772153619929998,0.5333046105910981,0.5011429241697434,0.5163489267928253,0.48457438985760704,0.44901503750458444,0.4916582660675098,0.4720937973653675,0.5373467951157461,0.4918593046967948,0.3112556987104785,0.27215471998623963,0.270029398489026,0.3574445293575238,0.2987785251877998,0.49142096917262035,0.4689766660462643,0.4365502665086605,0.4047390241271481,0.5207911906059824,0.43691050484875604,0.4239995733977735,0.4345264132302189,0.46001571234122884,0.4184343876283869,0.36237176276271615,0.37414189450660923,0.38745825439990883,0.326142661297214,0.04044084141013186,0.4935874210359441,0.44634025417659273,0.43629568912104005,0.45680116777782936,0.3373794617092947,0.40236730723537206,0.4302566938215456,0.5016980869955363,0.4258165702796568,0.29220831679026527,38243
7,A4D664_9INFA_Soh_2019,14421,1,14421 variant fitness pairs (below 50 or more than 600)
8,A4GRB6_PSEAI_Chen_2020,5004,1,5004 variant fitness pairs (below 50 or more than 600)
9,AACC1_PSEAI_Dandage_2018,1801,1,0.23878540848477645,0.45793953382550573,0.36853292069676097,0.21468316486429614,0.34391465535278387,0.22100993695919746,0.3238861825326002,0.25719586574800135,0.5674765206123771,0.4895220384930953,0.5475734123462886,0.5877195554492447,0.5438753385442788,0.5797424281844477,0.5128714984940727,0.3798390934086425,0.445900559932304,0.5855706191148594,-0.045692892702990553,0.024998235829937304,0.23874220476296826,0.10703716354704361,0.16253107458984928,0.42846694732051427,0.4395653528089788,0.4430185802815563,0.5257232211281666,0.3388300804007799,0.0013612470133120946,0.44389471089187793,0.436567864624026,0.29230972769555674,0.3455461727970937,0.029286617427829165,0.22444406563905325,0.5654896683788994,-0.006946366995155716,-0.14050952730983762,0.27465976256453783,0.17499619347307516,0.45793053065945016,0.5180128405511337,0.40826837886452405,0.1337599250912491,0.4570158520699047,0.47516698499399346,0.4800767699420239,0.15322516202675934,10438
10,ACE2_HUMAN_Chan_2020,2223,1,Sequence too long (805 > 600)
11,ADRB2_HUMAN_Jones_2020,7800,1,7800 variant fitness pairs (below 50 or more than 600)
12,AICDA_HUMAN_Gajula_2014_3cycles,209,1,0.41950521618921593,0.4075489898558927,0.274172920796004,0.4234950859543545,0.5197827298232696,0.5175785162112894,0.37714710370192484,0.36980807913773095,0.5119618908372606,0.5819758565792303,0.39193914437137345,0.44881775281082104,0.54174105341698,0.5523479230940255,0.5383742675471141,0.3619334577549017,0.5218490269980818,0.5029704170989369,0.3408436903839512,0.31987305947716743,0.5589154208553807,0.4521327174006057,0.2997591865802987,0.34687341150685796,0.18822499565539788,0.5035837398794349,0.483422578448325,0.3379680821670497,0.3411725842633825,0.20693806208392873,0.5331290701200798,0.3521994952102276,0.2913291437144539,0.12079710278373396,0.1668764022851235,0.08830287777656197,0.2659949345972696,0.7694141813746219,0.278352893833916,-0.033156426158945845,0.3086770981507823,0.1856925099433163,0.7010837094589468,0.3650215678472993,0.409148110258411,0.21041689462742094,0.3641545150746804,0.4213111058413938,1624
13,AMIE_PSEAE_Wrenbeck_2017,6227,1,0.4865220422275132,0.617273943143269,0.48233745058184774,0.6247556364864019,0.5637852711251141,0.6540784859982384,0.6341444679334964,0.6197896872164523,0.7958407070023474,0.7885790075634426,0.8131564517490826,0.8051715141591055,0.8062469765412855,0.7818339428067079,0.695958728332422,0.787700554067909,0.7622956253703456,0.7658722339243652,0.43860536134608286,0.2557034176712655,0.394611746066854,0.47660382328577866,0.4834463395388783,0.6904720593579283,0.6563703356818152,0.6406390703027633,0.7050062806610575,0.7148009219870343,0.5921369335347038,0.5559248777884879,0.5964994560266164,0.5640208292157121,0.5940987459606644,0.326936290048655,0.30714604520783967,0.4021949403637349,0.2927378676795793,0.06931987542437028,0.6355811966573056,0.6492092180261322,0.5757335774899451,0.5694597657892678,0.22771513389394565,0.56699032950344,0.5909816291276658,0.45215344827145243,0.5795435678137627,0.34215819397838965,60630
14,ARGR_ECOLI_Tsuboyama_2023_1AOY,1287,1,0.366064086686212,0.3625682795745455,0.6029023718184582,0.5988746767803351,0.46984654078265037,0.5857284754480594,0.5310816129116218,0.4778592632644194,0.7849960816888388,0.7862343385825422,0.7852178044101772,0.8359331423156259,0.8061735189657456,0.8943522293445376,0.8790074379613787,0.8356172518324132,0.8856077787078092,0.8643095081893041,0.39724437532153123,0.5446488028034597,0.4750189203947585,0.45471122497191896,0.310318171224561,0.6613641315451368,0.7752740615150877,0.7904226574806784,0.807901884060273,0.7863140897623656,0.8109382273695493,0.7995610211612624,0.8853319278173424,0.8540341039139389,0.828082572910159,0.1880208372315011,0.5540865740355319,0.22845056692482024,-0.044527449894949396,-0.12431881367962351,0.5225792631888516,0.7739677915233598,0.7266454242453707,0.3855376347592431,0.42134233866311016,0.5635257838657134,0.8480307823833785,0.8687231115737192,0.7042320761238904,0.8343639966177417,4557
15,B2L11_HUMAN_Dutta_2010_binding-Mcl-1,170,1,-0.09215236134822696,0.37716061821801294,0.2737196279944554,nan,nan,nan,nan,nan,nan,nan,nan,nan,nan,nan,nan,nan,nan,nan,nan,nan,nan,0.7022273445034504,nan,nan,nan,nan,0.39511312217194566,nan,nan,nan,nan,0.7000904977375565,nan,nan,0.12734758402045815,nan,nan,nan,nan,0.2639819004524887,nan,nan,nan,nan,0.630316742081448,nan,nan,nan,163
16,BLAT_ECOLX_Deng_2012,4996,1,0.4184801971065129,0.46491706890213275,0.4833691331214866,0.6404703476771215,0.6124090721966501,0.5963534729999284,0.6625588934149338,0.6419656147147047,0.7601874035664401,0.7342864335024937,0.7465251872386381,0.7928194239276509,0.7565141051608387,0.7584120366517993,0.7485544736906085,0.748303086861581,0.7300133811289641,0.7541728482781025,0.3541722002849323,0.17669164563721065,0.306723126400213,0.2100290266360374,0.20734223381194805,0.4350146058736866,0.374546791901097,0.31117065750351613,0.5465991221619602,0.4480391117780032,0.46872273924665,0.41009646888110285,0.4529224097534565,0.3877289453266102,0.41201316278572164,0.20988267183745726,0.4065211601158418,0.47952058514601187,0.16839218431324546,0.05922311703380372,0.2879348885563086,0.610131203127596,0.6026296373105733,0.4078781370386406,0.18436684154789942,0.19114066919793962,0.5862865639753904,0.5883182572064454,0.2525786594131505,0.26035873600363935,40512
17,BLAT_ECOLX_Firnberg_2014,4783,1,0.6041730717720676,0.6462387634886817,0.7525731020182287,0.6887646244981643,0.7313502183684137,0.719773771201571,0.7254439312996253,0.728502516976461,0.8667174459691652,0.8795323325407253,0.8686443552444331,0.8628581960344517,0.8735721065378782,0.8455325132542706,0.8702026427962486,0.8348553763477696,0.8625664515864233,0.8468569891228672,0.5075076166299612,0.5025466811736387,0.46882454926631123,0.41680433198299793,0.36045566877142216,0.7544907954667243,0.7317243063727531,0.6345946129051259,0.7655886715188336,0.8086138998087747,0.8236387034425544,0.7376107044331305,0.522741715139603,0.6747391742641148,0.8103841181565119,0.48181899723222343,0.711986172171953,0.7397634487575705,0.4117051324065881,0.005762766643163762,0.651137659986018,0.7627779444108329,0.7603172028622223,0.688767010911515,0.40552215093510435,0.69492964395697,0.6562487254077694,0.8155619196149824,0.6211364713416739,0.6244710276768496,38889
18,BLAT_ECOLX_Jacquier_2013,989,1,0.6799982280150232,0.6237508257766817,0.6592557311751726,0.7071885114652122,0.6983138921005378,0.7113439415150468,0.6858371608008674,0.6766328679396705,nan,0.7318065186420302,0.7268783847918046,0.7321244882961717,0.7036267915099398,0.744255121142328,0.7187059444038338,0.7731078865031779,0.7855230545475345,0.7057223535435728,0.7377431518084877,0.6036488590927636,0.6751809106548745,0.5986743650832679,0.745947801202432,0.7141648801246403,0.666662257751825,0.7054758263664078,0.6618091362975718,nan,nan,0.6434341771773257,0.6647213588140204,0.7097453517937652,0.7453154033629602,0.6856089451379632,0.7358136807867821,0.7996868597930835,0.7048510836923995,0.5004890833603364,0.6822029464079119,0.770586054080727,0.8265745866163092,0.7205102729985613,nan,nan,0.7800954453211156,0.8012331450817688,0.6955484790056327,0.5950565413271655,8551
19,BLAT_ECOLX_Stiffler_2015,4996,1,0.5818144152224661,0.6416832584219534,0.7429704711839445,0.6993099189677314,0.680802458379044,0.6679452832214186,0.7006519898251616,0.7030667645868883,0.877518838579291,0.8690600299698495,0.8630242838719228,0.8781665396308096,0.8700016000168601,0.878979098979099,0.8786108914525746,0.8828091257590254,0.8732086756094771,0.8759408787545059,0.35503419782706497,0.4620536252665422,0.28382563079877826,0.3783028913259617,0.4339102402503504,0.7814710420575273,0.7683217345865069,0.7572788384969861,0.7692247843440638,0.7844585777955544,0.7826649832879585,0.733887226130144,0.8012691866789062,0.7391787369243755,0.7087270209981127,0.3233067051411857,0.5786264549188084,0.6895422969726885,0.24537646135264485,-0.0855814487837177,0.7207834172984591,0.8489682912596771,0.8320904360567575,0.759714625173078,0.5282129267074148,0.7780372265510229,0.8175419629572075,0.7539799741297805,0.7085747387985784,0.6190499665499579,40843
20,BRCA1_HUMAN_Findlay_2018,1837,1,Sequence too long (1863 > 600)
21,BRCA2_HUMAN_Erwood_2022_HEK293T,265,1,Sequence too long (3418 > 600)
22,C6KNH7_9INFA_Lee_2018,10754,1,10754 variant fitness pairs (below 50 or more than 600)
23,CALM1_HUMAN_Weile_2017,1813,1,0.05371363416022233,0.2459920642821527,0.19559402966288597,0.06491847190101784,0.04138189329716435,0.03962194182824654,0.06932752335677476,0.055100867118324556,0.24776428995414432,0.28182268281977946,0.26582558576531456,0.3467255887454259,0.32996267135628327,0.09316625112707484,0.2323016301003924,0.17613049933491925,0.23809775569007904,0.24371077554864426,0.05786296684274396,0.06229346389493371,-0.05448057583611676,-0.03284224913345585,-0.012276871481317888,0.11815183673977232,0.27598399385074496,0.28924317820395984,0.19402201027146002,0.28600563867190276,0.16158130933856527,0.23681813285529435,0.17794403277090343,0.2053519950335798,0.12822724023596133,0.13678476279709892,0.09878346882240537,-0.025123964465484705,-0.10838420041745583,-0.1018464493938225,0.24588415613002887,0.21401336428558151,0.2272104429310453,0.27799993700211356,0.28959178843292427,0.11536012822387548,0.05097126711403819,0.16516089417352517,0.09674750895845098,0.30156834160881546,9327
24,CAR11_HUMAN_Meitlis_2020_gof,2374,1,Sequence too long (1154 > 600)
25,CAR11_HUMAN_Meitlis_2020_lof,2395,1,Sequence too long (1154 > 600)
26,CAS9_STRP1_Spencer_2017_positive,8117,1,8117 variant fitness pairs (below 50 or more than 600)
27,CASP3_HUMAN_Roychowdhury_2020,1567,1,0.3745652216235052,0.5773051726874454,0.5169199401717735,0.36152429447129736,0.35235379858053323,0.45827836869649613,0.36521250821624296,0.3844976213148441,0.6008601108572921,0.6146412037352779,0.6964847127970796,0.6299426679138659,0.6444816738027778,0.5753661233321802,0.5458359375984169,0.6936687678939566,0.6487137483505078,0.6039187862868699,0.3455471385771362,0.3897911972411782,0.40436379667628747,0.3765688332298321,0.2569205766252582,0.6340406889447102,0.5877140795977707,0.6578504892797931,0.61028753105745,0.5410928348370774,0.5409927313144585,0.483967889500009,0.6046027567862727,0.5904658032265395,0.5167511729335574,0.6964506955403077,0.29104040173079887,0.29624675770572884,0.05087135688315866,-0.04363754673910946,0.6293111814824844,0.5688734502110405,0.5691243256399456,0.5607298678535867,0.5512120169705309,0.5373517022445615,0.5261742972312813,0.5310081164225787,0.432422726125747,0.4682292962169124,11899
28,CASP7_HUMAN_Roychowdhury_2020,1680,1,0.4133827017244236,0.559529351312228,0.5037626030141176,0.4766961288177357,0.37828927273060015,0.4973318900380842,0.3639983027720967,0.4453721019629365,0.6262633420434919,0.6438175801788008,0.5979547999721613,0.636273483916274,0.699778238945164,0.583643145020974,0.6294369610194048,0.5885990775246278,0.6029613484084453,0.6521084699436265,0.45199503664447477,0.39832184987374364,0.38201165088559486,0.39002628304521236,0.44501711244779907,0.6205314040227012,0.5813383069099242,0.6083330123702995,0.6125153499197338,0.590556570326722,0.5845659367427383,0.5741231299033726,0.6263667883558047,0.5975934331144204,0.5490551333902153,0.6347450521290774,0.42384867590167014,0.3450257374133082,0.12302519056495974,0.10455724012812416,0.5472342270414512,0.5587012641142273,0.60076240143215,0.5784032716072253,0.49238749252993314,0.5921940094128639,0.5454067288282808,0.4060591721458755,0.49448514238211955,0.43222361247653945,13544
29,CBS_HUMAN_Sun_2020,7217,1,7217 variant fitness pairs (below 50 or more than 600)
30,CCDB_ECOLI_Adkar_2012,1176,1,0.1038139762880056,0.2779434449164313,0.3973893311023567,0.6422612742279629,0.6065419009538101,0.6622617605413829,0.6247315353548866,0.5952697217145706,0.823382684755902,0.7906307055673181,0.8417265981460649,0.8354461089290777,0.8087692946985544,0.9011940171846715,0.9018760226644138,0.8878161654637468,0.8895729168970932,0.9332452768682614,0.2025570015843148,0.2675151635749832,0.11136269853392529,-0.2583156513054786,-0.12875494251196226,0.4707315767268831,0.18489818199598715,0.2206182092181563,0.19966428044440382,0.036716655349160875,0.6950166818859753,0.04598928354731093,0.25469657766103054,0.6296930507074862,0.3118844824531435,0.1341385299674197,0.3470291028780895,0.29468516518122156,0.05492470337023959,0.014282215389045805,0.39721216634665224,0.372574654072521,0.23102426121024733,-0.013059885685332248,0.2543292325361402,0.6108039438717527,0.27434957953164674,0.4631144592951744,0.36168032802577943,0.494861586668758,4804
31,CCDB_ECOLI_Tripathi_2016,1663,1,0.07961192869562572,0.34763937235341463,0.4676776379729287,0.30624016425847256,0.4172425088308448,0.28560691581336367,0.3131839836677124,0.2792242443320677,nan,nan,nan,nan,nan,nan,nan,nan,nan,nan,-0.2370348930857311,-0.2677894919258822,0.15745685364735565,-0.1826590465562638,0.012936840082268662,nan,nan,nan,nan,nan,nan,nan,nan,nan,nan,-0.0921958583638683,-0.29400858450217054,0.20692251934795866,-0.11868313375488693,-0.0706135548414412,nan,nan,nan,nan,nan,nan,nan,nan,nan,nan,6659
32,CCR5_HUMAN_Gill_2023,6137,1,6137 variant fitness pairs (below 50 or more than 600)
33,CD19_HUMAN_Klesmith_2019_FMC_singles,3761,1,0.1809223650941835,0.12131266214989227,0.24533702848478098,0.41282970851352596,0.47118067910963635,0.39359074862619325,0.3748453224621607,0.37909236973658744,0.541777581346425,0.5977503608364697,0.49596246022343554,0.5246788423983055,0.499466902861126,0.5731914696768136,0.6158946619342149,0.5604000935094655,0.5311475323564236,0.37990270117278246,0.23522370348738472,0.3280153537244612,0.26594022668902223,0.439306972855526,0.3633126277715468,0.5388368664479778,0.4398431590385827,0.42403637485102524,0.516907774631796,0.42337541365646536,0.5332691415838796,0.43224366357546445,0.2870789874041986,0.5869827837321042,0.5281432630770447,0.22809304814523998,0.11606164750373488,0.10238912020382579,0.18079107399594527,0.04194245427219785,0.4400931041280992,0.29448579214166215,0.42775845371810345,0.2904575841628605,0.43744563722135116,0.36463177496203364,0.3744613619615147,0.3343769662642162,0.25010334278604396,0.28174217193495865,56921
34,CP2C9_HUMAN_Amorosi_2021_abundance,6370,1,6370 variant fitness pairs (below 50 or more than 600)
35,CP2C9_HUMAN_Amorosi_2021_activity,6142,1,6142 variant fitness pairs (below 50 or more than 600)
36,DLG4_RAT_McLaughlin_2012,1576,1,Sequence too long (724 > 600)
37,DN7A_SACS2_Tsuboyama_2023_1JIC,1008,1,0.15064740928317322,0.15861857891743236,0.7098787650165861,0.5344943122365942,0.5520389329758035,0.5424605862661817,0.5318860950034899,0.4688198954034524,0.7062730992819397,0.7909188059128053,0.7463041280785694,0.769216051209632,0.689232224285286,0.9346437106764864,0.9195181484180327,0.8944457345521333,0.8965893305748487,0.8692921530959067,0.5508392121748267,0.21131338353481496,0.2362528645605382,0.61262375871931,0.44741045435430987,0.6001493523629675,0.6992969460155529,0.5552726466676519,0.7119532569348284,0.7701357425897216,0.8322064869803564,0.9074733428280339,0.8563425447022314,0.8995270633965149,0.8634393435534186,0.16901351892902072,0.05985491064710652,-0.11785263582908086,0.10324722339915499,0.33513736104869785,0.5148285924601714,0.6428136544997783,0.25244745814952513,0.3163431611383282,0.3601017403648983,0.7406869446343131,0.6730205408600561,0.6588834736375719,0.8654650304355698,0.35373836689626165,3105
38,DYR_ECOLI_Nguyen_2023,2916,1,0.33423399387403574,0.5269398441530303,0.4406043320253522,0.4642818491256207,0.4872877099786822,0.4700851510414894,0.4358859724486567,0.47867236231257554,0.7005813716336174,0.6677406167860281,0.665232617732898,0.6806767581891476,0.7051066696522547,0.7016132992856691,0.6880419689598242,0.6527182819037014,0.6451495894393409,0.7006571113886195,0.4207149096320435,0.3612969520547351,0.41575817403761506,0.38023184556996525,0.4671575059401649,0.6762255627523889,0.6292365074849506,0.6541324128118035,0.613766122694538,0.6254472197193949,0.5958264273362424,0.6277753118644124,0.6033330654110631,0.5057766431410801,0.5561396613758313,0.3638014466573174,0.5107704440386838,0.03395678963502805,-0.1033000048542508,-0.025928327399441512,0.4954104788791525,0.6000940503479796,0.5774635994416282,0.19146840432781734,0.6010835729792356,0.32335423564095,0.4517820665508303,0.4842787765475121,0.18952661785674882,0.3739345640695334,15673
39,DYR_ECOLI_Thompson_2019,2363,1,0.41555936443311947,0.3918089146978548,0.4326669232857451,0.5866718927627111,0.5545415003463801,0.5902614399646912,0.6105755149702726,0.5497667904547288,0.6728996581321416,0.6420183811239231,0.7041193103858069,0.7076033248740872,0.6619031957600757,0.7117468145780765,0.6281832106912063,0.7023605302058874,0.706962319569617,0.6853915838297312,0.3291545516502373,0.2812893759630222,0.29111563915316707,0.5030280980801466,0.0782740953979991,0.572654453631981,0.5049050980775339,0.54376332860113,0.5562877398592238,0.4031420945027356,0.5225270141118088,0.4475582108163882,0.38384684936032987,0.48340487654190306,0.42487578317903835,0.337593497819024,0.3219979406873355,0.48493369401795133,0.33688263385878403,0.18250660215371725,0.26368521834652536,0.5557932397264728,0.37816495897989955,0.5270138395666318,0.24809973707098798,0.22779747752473245,0.6054068036123972,0.5396411879009503,0.4624922557870023,0.4145726581007313,12733
40,ENV_HV1B9_DuenasDecamp_2016,375,1,Sequence too long (853 > 600)
41,ENV_HV1BR_Haddox_2016,12863,1,12863 variant fitness pairs (below 50 or more than 600)
42,ENVZ_ECOLI_Ghose_2023,1121,1,0.15108156197401337,0.17894351752719329,0.250405079236344,0.3659323309432166,0.22535553457395405,0.37375861623536233,0.14460794118044198,0.24730380871973762,0.3248972685903347,0.3675961038760187,0.380473624996876,0.28941286642477687,0.3430230944294941,0.30468321184510366,0.39618512755086566,0.5195504291342811,0.15010692943306597,0.3469617200105758,0.0568623025056553,0.15980857075420213,0.26661431747758263,0.2613621497864806,0.03545713347074737,0.0915245347206359,0.22950921570701746,0.30841442980896816,0.2997422320038339,0.03921062581828807,0.09152415593203873,0.16496188876065762,0.42872261196212186,0.4015603306543365,0.2395127316825103,0.24275380028336574,0.45289054078822344,0.13142143327424893,-0.08333565043785768,-0.09818202496140951,0.23356043732834583,0.4636838872707228,0.26943215151074135,0.09963322804905492,0.019929677193070577,0.17631320038132384,0.3984581537548829,0.1843228169053628,-0.028374518743854174,0.10848207808120931,3546
43,ERBB2_HUMAN_Elazar_2016,326,1,Sequence too long (1255 > 600)
44,ESTA_BACSU_Nutschel_2020,2172,1,0.39030624028350613,0.26879959150462296,0.328661502230943,0.6448926288464228,0.5227516490773598,0.6075128189782169,0.5991313618418425,0.6134910135746496,0.6947455010763883,0.620815112134341,0.6963258399557061,0.6530305544314193,0.6810770029160846,0.7029035790537841,0.6490967751550603,0.6932769457899344,0.6593122146268371,0.6640862962934686,0.18591515534840403,0.18989746629815998,0.34729523031703685,0.31338895371224934,0.11802821347881785,0.4045255455564706,0.4323087915350836,0.37066619475391605,0.48737740682123887,0.22339010584155092,0.3924697929031879,0.4871256618843495,0.3814770662148107,0.5098543983891158,0.2803014948525057,0.5447086973769828,0.4437493775131857,0.02014106342999985,0.2617604396068117,0.12092256180413284,0.6086727827376102,0.30264129003263723,0.15499207035000623,0.3196631716556636,0.3913583338338841,0.5767503090354843,0.4470020371253955,0.16807683638377344,0.37787088073408526,0.3081518420582583,14641
45,FKBP3_HUMAN_Tsuboyama_2023_2KFV,1237,1,0.21440091680974216,0.24468005280844424,0.5868544232682579,0.5613928272150398,0.5755264349357548,0.5480941199343211,0.5529002066295774,0.56925502324127,0.6833499759051782,0.6752415335878548,0.7233388619668064,0.7093810011676451,0.7007341470404177,0.8438604883160695,0.8551392457645653,0.8069413608462843,0.8325380569986971,0.8472599598008517,0.37212111124122554,0.439713574008727,0.3033238181247611,0.4949522661892726,0.2489702939940657,0.5092944923760988,0.4208968365473036,0.33820486382271564,0.5209772616666779,0.49154139137193936,0.7979440647094141,0.8061883539951135,0.7296353633086701,0.7021415561169589,0.7373921492421299,0.1863234987819281,-0.30977674534376004,0.1893325594272184,0.19569751891527362,0.10900145194702181,0.21389694290846897,0.07279302561499501,0.6169567652511266,0.3598128518244579,0.27730406833559124,0.594367517266773,0.5479492575330834,0.7972890154342955,0.6361159680804535,0.6883915255973861,4151
46,GAL4_YEAST_Kitzman_2015,1195,1,Sequence too long (881 > 600)
47,GDIA_HUMAN_Silverstein_2021,1154,1,0.39619867494712757,0.4320142371219764,0.4147159919975625,0.33799851339766945,0.4133999511711284,0.3723903875199343,0.4360734227729106,0.42820871620715084,0.48928020942948824,0.4637251524013763,0.4676457273645591,0.5136867776032504,0.505552707633851,0.41776031893345694,0.4759399470794394,0.44149828413403047,0.5536010085907103,0.504325758847867,0.37662374960610406,0.47002584923248825,0.42402707989651783,0.3471579296275652,0.4253294184866493,0.4933669042512173,0.5339586906021031,0.4928737092110836,0.4521526505687881,0.4720033809978585,0.45571511878671767,0.5514224875941882,0.49675897482831693,0.40064475225036233,0.5347563569789485,0.45142392485383304,0.44806963444711745,0.4679834034466978,0.3940483859201023,0.18374156249769666,0.43695945211912623,0.5067825362179912,0.5223193263743803,0.43654212860653013,0.44847462296530816,0.47698000901452453,0.5222447627850407,0.5410396914022783,0.46430948936504873,0.32848565330954926,15929
48,GLPA_HUMAN_Elazar_2016,245,1,0.12043167234425016,0.39915707186513155,0.5615688418510147,nan,nan,nan,nan,nan,nan,nan,nan,nan,nan,nan,nan,nan,nan,nan,nan,0.4023444310262256,0.29679326756658275,nan,nan,nan,0.6910270639460429,0.5866712235133287,nan,nan,nan,0.7618031247332024,0.6464114832535885,nan,nan,nan,0.12004690393232903,nan,nan,0.15813283054697416,nan,0.28866311885179813,nan,nan,0.36657552973342444,nan,0.5782131914207386,nan,nan,0.2954887218045113,366
49,HCP_LAMBD_Tsuboyama_2023_2L6Q,1040,1,0.48037058995530213,0.2916021644350387,0.72290373590816,0.733473777447288,0.7927974490772629,0.6733170703333018,0.7509900267571398,0.7376360875453243,0.8666885810988149,0.8776698135885118,0.8423543892847407,0.803874476322408,0.8752996682521664,0.9138049212419921,0.9167253417825499,0.8659686994927269,0.8854128327812537,0.9152157910739146,0.6285600723695145,0.5046098989750198,0.43855638767834915,0.5862489746448902,0.24837160108927445,0.7627933502627047,0.7122364477627635,0.853612635429858,0.7808981713491209,0.6265642252484357,0.8559205858977027,0.8561846048688154,0.8723360500481647,0.8597658321698001,0.7574767337925232,0.5537441174081091,0.24963520751410265,0.3031538624510057,0.18375033667442983,0.23456925495484535,0.6889902696150058,0.7249052352435131,0.8827799035393507,0.5927674232338649,0.7447105526052895,0.624000173177041,0.8425853322878494,0.9052408118197592,0.7377206654327803,0.864751038435249,3229
50,HEM3_HUMAN_Loggerenberg_2023,5689,1,5689 variant fitness pairs (below 50 or more than 600)
51,HMDH_HUMAN_Jiang_2019,16853,1,16853 variant fitness pairs (below 50 or more than 600)
52,HSP82_YEAST_Cote-Hammarlof_2020_growth-H2O2,2252,1,Sequence too long (709 > 600)
53,HSP82_YEAST_Flynn_2019,13294,1,13294 variant fitness pairs (below 50 or more than 600)
54,HSP82_YEAST_Mishra_2016,4323,1,Sequence too long (709 > 600)
55,HXK4_HUMAN_Gersing_2022_activity,8570,1,8570 variant fitness pairs (below 50 or more than 600)
56,HXK4_HUMAN_Gersing_2023_abundance,8396,1,8396 variant fitness pairs (below 50 or more than 600)
57,I6TAH8_I68A0_Doud_2015,9462,1,9462 variant fitness pairs (below 50 or more than 600)
58,IF1_ECOLI_Kelsic_2016,1367,1,0.17838998335766387,0.5085158073734,0.441599316232012,0.529975536458489,0.35700349170759416,0.453041839477541,0.43118277619547873,0.4582066368489227,0.7463079770457508,0.7863294607000967,0.7136304938416258,0.7386882036438601,0.7931296383072145,0.7780341004185293,0.7939207370035608,0.7083205667314114,0.7356080362061612,0.7442944936341375,0.5131079159917193,0.22267930531671196,0.14250836863472463,0.07223009445970927,0.14801631621933564,0.6278735994118894,0.7398490196362293,0.4260227395907404,0.4661709793100596,0.4087811887165759,0.605750020171812,0.7953999961876906,0.376355728841026,0.3058388689875156,0.32649823139976164,0.3456353232440521,0.1316450795805822,-0.1258643833898691,0.3129995819565404,0.32035779241831924,0.4735161201861595,0.3795138651127237,0.72209502205226,0.7320564171933652,0.6184888164711471,0.4647568106365472,0.39185820493545975,0.47376201388867356,0.4538790784107136,0.6160918844441293,4731
59,ILF3_HUMAN_Tsuboyama_2023_2L33,1329,1,0.2930696697808595,0.28598515436036326,0.5480574208782039,0.40086405699777067,0.4574476995008002,0.5221995820057329,0.44782853691845265,0.4751297108509451,0.6434552379518395,0.7756582632737149,0.7844204360420486,0.7467221595725828,0.7330244555179884,0.5986361919213977,0.679857689591798,0.7350444162133127,0.7304939261445963,0.6424799133339353,0.3382202516650257,0.3645811943049532,0.49615329800080765,0.21918486777604268,0.24629710362380447,0.7582487019631277,0.5717294153625032,0.7390821666683733,0.5436696464596439,0.6076855705527456,0.7598814443531436,0.48118047475091513,0.7833959764994247,0.39334482021621014,0.6564068124124454,0.5960300897582784,0.3336156994471674,0.26189992014974756,0.0385630617058985,-0.06325083544166447,0.6252864989114699,0.45773124840097396,0.6001433794537242,0.5549220991889325,0.6656648020575091,0.8164677474610174,0.6899424805581709,0.5749058645610369,0.39240150613615904,0.4700119536493328,4552
60,KCNE1_HUMAN_Muhammad_2023_expression,2339,1,0.0621839462982878,0.14258419479645104,0.2290418530838026,0.48300738661576886,0.45315219770946236,0.5541881845837108,0.5077462486464894,0.5314875444991072,0.7373763696752607,0.6687674880650047,0.7220013306177773,0.7372246161742126,0.7482738241255303,0.8000199487303581,0.6918140080593338,0.7685100862255773,0.779170832895784,0.7064821170747962,0.3406753062124802,0.4089939798331443,0.52059176734529,0.4662181876836934,0.3364196252904175,0.6532168681949553,0.7227353539819715,0.6662543184310483,0.5750795737492376,0.696747306263481,0.6981302590078505,0.7215344933187258,0.7186103663479015,0.6749826620002848,0.752974225623476,0.1703416513152437,0.06339701062335129,-0.03928351522036302,0.17856605608522644,0.14719161479897547,0.1240858765880927,0.1784427110175488,0.5980947244527933,0.47439218796517013,0.6352293973824249,0.5694604962790913,0.4196867820861104,0.4934091902122729,0.600615266892341,0.6241360984730226,10029
61,KCNE1_HUMAN_Muhammad_2023_function,2315,1,0.42365288649192334,0.5335836406168921,0.3566267011661909,0.5525814051962367,0.6364080961010646,0.5300329769903297,0.5962486272896262,0.6032210587928897,0.6969223429434197,0.7788435590625208,0.6852003093689336,0.7130456030154398,0.7429702847238409,0.7283863730668675,0.8029423655959738,0.7448157618057818,0.7420794648116461,0.7530934471055122,0.516274180857893,0.31210423831341905,0.5202226515477014,0.6382046781954015,0.5560023044418843,0.6626311347805265,0.6843724365123112,0.6494582155184376,0.77465530090304,0.6891524926852881,0.701727151467791,0.6831842803137166,0.6198943864577154,0.7933759264755811,0.7557865211449801,0.07420577900289933,0.6559235076859654,0.2742795011224966,0.1854040009051979,-0.06809316094458091,0.30688414325434,0.6792481123038556,0.5993340612922229,0.43063898767557074,0.5923773396773612,0.44062547201641566,0.5428643910312666,0.6423025531242369,0.47373792566989076,0.15628616692039024,9925
62,KCNH2_HUMAN_Kozek_2020,200,1,PDBseq neq WTseq
63,KCNJ2_MOUSE_Coyote-Maestas_2022_function,6963,1,6963 variant fitness pairs (below 50 or more than 600)
64,KCNJ2_MOUSE_Coyote-Maestas_2022_surface,6917,1,6917 variant fitness pairs (below 50 or more than 600)
65,KKA2_KLEPN_Melnikov_2014,4960,1,0.4120267754074545,0.5044919108113386,0.5170732115997414,0.5890088688393442,0.5548504191419413,0.5569054566435809,0.5618016122713144,0.5857053460109894,0.733538519325424,0.7594415106965381,0.731711966406749,0.7709829627668394,0.736842076148911,0.7261354042727307,0.7163346596257713,0.7288976518512835,0.746659446927373,0.7154996348381414,0.23644313999963307,0.3667263771929669,0.2236203925420475,0.2865571394561061,0.2668270857178468,0.5508172557938291,0.6492941093386215,0.5686332714492061,0.6705315786378858,0.5440443965939934,0.7098140955416766,0.5379812768055986,0.5631203645507052,0.6459254123470216,0.4820438969969044,0.5002726673119948,0.3320355339513632,0.39682539171108255,0.12285916049604395,0.07871151193002017,0.4307251703399037,0.4759214639541035,0.5106837178122139,0.6030998102922973,0.6048648310243833,0.563106494828676,0.47334731844190736,0.5815311928234971,0.6779496971158734,0.492462865819083,34978
66,LGK_LIPST_Klesmith_2015,7890,1,7890 variant fitness pairs (below 50 or more than 600)
67,LYAM1_HUMAN_Elazar_2016,359,1,nan,0.34599487156510705,0.3969587824755551,nan,nan,nan,nan,nan,0.7263489613479968,0.667406264068429,0.6303942375715481,0.5414496109074539,0.45070422535211263,0.6487877033892857,0.6271785966943213,0.7442922374429225,0.5699080326709114,0.5031857813547954,nan,nan,nan,nan,nan,0.5907859078590786,0.40596251479177,0.5471869328493648,0.5261324041811847,0.6862916630216079,0.7225383920505871,0.4199335801809367,0.6326808400311122,0.5225221443264346,0.6831773248184762,nan,nan,nan,nan,nan,0.40894053315105944,0.5273673694726326,0.37517429938482566,0.3896596973143207,0.5771603223117533,0.3961995898838004,0.5017876859982123,0.3259876965140123,0.5575890123348788,0.4477910530702973,4373
68,MET_HUMAN_Estevam_2023,5393,1,5393 variant fitness pairs (below 50 or more than 600)
69,MK01_HUMAN_Brenan_2016,6809,1,6809 variant fitness pairs (below 50 or more than 600)
70,MLAC_ECOLI_MacRae_2023,4007,1,0.3607802619402763,0.3791974798154831,0.30344700134959357,0.6602185227812876,0.6137072809962724,0.6286147867742164,0.6513015088286385,0.6109490512911904,0.7302254723390094,0.6943590384266712,0.7384668791163008,0.734338333032325,0.7346044541768552,0.7804130770829002,0.7405133860094657,0.7568901015252131,0.7507562554288436,0.741022957587305,0.3242906868166207,0.3180739749714618,0.3139346961581335,0.4810165822616956,0.35253785758479644,0.4856554296799264,0.5950938112592946,0.6356086788536577,0.5959234757732882,0.5426977785418546,0.4235293480063635,0.5329888490570555,0.6436380939991369,0.5742349184865532,0.6169639685724031,0.39965632830362857,0.3196870357024395,0.19190524361900063,0.4200039836159855,0.3659478445352402,0.5117856147615367,0.4596267867789916,0.6394776968536169,0.5255280228336573,0.3156750110249169,0.47731839905671947,0.5237662940790497,0.6520322812266195,0.516548356862789,0.4892628907659435,24531
71,MSH2_HUMAN_Jia_2020,16749,1,16749 variant fitness pairs (below 50 or more than 600)
72,MTH3_HAEAE_RockahShmuel_2015,1777,1,0.43595470684083804,0.6152960508285017,0.5336024522250263,0.3828735623450151,0.41323768573738934,0.4602089874152249,0.47495525456662796,0.48799496995526903,nan,0.6559367430713486,0.6476710041276268,0.726103980462981,nan,0.6724227154499481,0.6349715949067205,0.6717528053387929,0.6527080935518889,nan,0.3646558125835369,0.4197697752502322,0.31239192488053863,0.2565402031789287,0.3476975789194379,0.6649034341053415,0.6986694566291528,0.5575764742613076,0.6368028079916046,0.6714198875209898,0.6355261732969396,0.6642059869981408,nan,0.5450777932734111,0.585934246506764,0.5876395610625069,0.6554588074922577,0.3085781313604379,0.05270833439259146,-0.10366063697419527,0.6859920643282399,0.6984394080633265,0.45037383767153416,0.461828891628838,0.7213062230283823,0.6130997082529261,0.6932355865504064,0.5062265967456332,0.32494374325591147,0.46114233495255746,16018
73,MTHR_HUMAN_Weile_2021,12464,1,12464 variant fitness pairs (below 50 or more than 600)
74,NCAP_I34A1_Doud_2015,9462,1,9462 variant fitness pairs (below 50 or more than 600)
75,NPC1_HUMAN_Erwood_2022_HEK293T,637,1,Sequence too long (1278 > 600)
76,NPC1_HUMAN_Erwood_2022_RPE1,63,1,Sequence too long (1278 > 600)
77,NRAM_I33A0_Jiang_2016,298,1,0.5899362744908351,0.16320712002065954,0.5620817272407584,0.6354529924799381,0.5247596319862897,0.728786013598167,0.6187525669470392,0.6540889794854884,0.628285634898583,0.5208669074742985,0.7346485134759657,0.6288135593220341,0.7638807714786676,0.6551264240066687,0.6864128924701307,0.702417338149486,0.6742255990648746,0.782700175336061,0.515096089042343,0.5499895332488857,0.6677511304978966,-0.6355278949768836,0.6728336935989131,0.5401888707742472,0.5486892800483493,0.6838566268407893,0.5731138190303345,0.6191961924907455,0.6749207911655235,0.6875424945229281,0.7792720200055573,0.46370235934664256,0.7428873611845583,0.7373868818842417,nan,nan,0.7030803122152242,0.4129618098985664,0.5608853468002841,nan,nan,0.716921367046402,0.26099882627594123,0.7461690207527816,nan,nan,-0.6531814392886914,0.5721324373476416,5269
78,NUD15_HUMAN_Suiter_2020,2844,1,0.4916759552047109,0.5899674488179701,0.6253696929168991,0.6451483240378316,0.6316566771279224,0.6625113369912761,0.6175632201145264,0.6700825686593891,0.7779359442195677,0.7827487261930663,0.8091452889011065,0.7940420620103938,0.784360396578521,0.7973377402515174,0.7776631391345018,0.8096001594619983,0.8053854251212578,0.75499819197683,0.2572718579701227,0.38533236527087866,0.5353037145704653,0.20193473152498476,0.2095266175929489,0.726527204217177,0.6700811128968172,0.6789605110336818,0.6374287038024438,0.6865811702141472,0.63468255629654,0.5136957147008415,0.6401691031661869,0.6162866512310813,0.6437550269453546,0.6001981661877084,0.4234836450349101,0.2838892044812918,0.1740611727631625,0.09471784448028629,0.6798091667198641,0.6525667159375568,0.7152268080689858,0.6327636807521492,0.4036989901718912,0.7083877141304958,0.7050301872701217,0.6115439513794685,0.43436573211915397,0.4438457074076444,14656
79,OPSD_HUMAN_Wan_2019,165,1,0.5150292135260708,0.5872898838247869,0.5912697352603318,nan,nan,nan,nan,nan,nan,nan,nan,nan,nan,nan,nan,nan,nan,nan,nan,nan,nan,nan,nan,nan,nan,nan,nan,nan,nan,nan,nan,nan,nan,nan,nan,nan,nan,nan,nan,nan,nan,nan,nan,nan,nan,nan,nan,nan,178
80,OTC_HUMAN_Lo_2023,1570,1,0.34982600081228865,0.5122264887357212,0.611362210901439,0.4290388652306178,0.38457408690615213,0.3990838357240498,0.4803256378012415,0.4773777778088064,0.7109995821917002,0.7427724097391091,0.7139414556368355,0.7375350308934097,0.7946683692662985,0.7594663757580297,0.7101585841184234,0.7274273157153304,0.7686728401653397,0.7320966717284925,0.3268270403762913,0.3836660119918758,0.40330074780090863,0.3552827528084455,0.30944871348359115,0.7303575941431903,0.6615553359644383,0.7108671875718585,0.668690191325443,0.6642459128657221,0.7476389785882989,0.7134848896986441,0.7567669606374265,0.703987508857198,0.6607551757735215,0.37111669719788326,0.25002868859067867,0.2504355381181462,0.14344612703826606,0.03965036709015113,0.5593463651412344,0.6218999025067914,0.7275083397636726,0.5567923621751356,0.5068724330584742,0.5685304402381448,0.6574748983535166,0.6088324339066266,0.5426510050354595,0.46963810379024556,15292
81,OTU7A_HUMAN_Tsuboyama_2023_2L2D,635,1,0.1846232165327664,0.46037330311036845,0.7380399179463913,0.5528306992045855,0.5151985184977886,0.5261437141089196,0.5288865525775791,0.4202284384603602,0.8107151673102397,0.8268994256373096,0.8495491748199255,0.7973992162424361,0.7267773674801742,0.8539088863892013,0.8523856392950879,0.9213184289463817,0.8918787495313084,0.8543541432320959,0.12441679355949041,0.22059924347611262,0.5671517265815835,0.4578801730231225,0.2982261712394045,0.754828223477384,0.6829687028613414,0.6493343823760818,0.702097019091796,0.5626769367297659,0.8559643255295429,0.8187628890138732,0.7591880409126671,0.8539600214971849,0.7480416010686513,-0.34204362213413025,0.3258699367611607,-0.4386028777235585,0.19690250149789568,0.31594940591591353,0.6038309450389987,0.7105205909333026,0.83928035982009,0.5944735533557186,0.6319734869407402,0.6999854888445494,0.7847489408986734,0.8419553381204136,0.7733314250274318,0.697419711197033,1697
82,OXDA_RHOTO_Vanella_2023_activity,6396,1,6396 variant fitness pairs (below 50 or more than 600)
83,OXDA_RHOTO_Vanella_2023_expression,6769,1,6769 variant fitness pairs (below 50 or more than 600)
84,P53_HUMAN_Giacomelli_2018_Null_Etoposide,7467,1,7467 variant fitness pairs (below 50 or more than 600)
85,P53_HUMAN_Giacomelli_2018_Null_Nutlin,7467,1,7467 variant fitness pairs (below 50 or more than 600)
86,P53_HUMAN_Giacomelli_2018_WT_Nutlin,7467,1,7467 variant fitness pairs (below 50 or more than 600)
87,P53_HUMAN_Kotler_2018,1048,1,0.5565159857568581,0.4583253650854133,0.592661712450063,0.6102965354431531,0.7080966315651133,0.7149449058953624,0.7444194799616841,0.7169006254111153,0.6665308251239904,0.7718445186641745,0.7909184853560008,0.7489878542510122,0.7425206372574794,0.6496545111162222,0.7355093895877133,0.778468575575086,0.7819772332930228,0.7605355171144645,0.5841866003593321,0.5897679719444369,0.4576709496456862,0.604252432170601,0.6123038797091486,0.6854548602427718,0.7035603348609156,0.5562612679178367,0.6504548083495453,0.6509799278461088,0.7432642452947674,0.6927818250198492,0.6242130929510863,0.7548911614701089,0.6916981237202434,0.622144446024534,0.5991485168918733,0.5891507784719299,0.6505247106618889,0.4124372020430618,0.6279398021333505,0.6286081160752652,0.6169904799598562,0.6099864073899415,0.5378624104509061,0.7481389578163771,0.6662236567305868,0.6887222508852154,0.7106762092337281,0.6127833965444586,11077
88,P84126_THETH_Chan_2017,1519,1,0.4000066494683746,0.5881099774740205,0.6912470667338724,0.4836785347292822,0.5000576767132481,0.5783370846874077,0.5417094637817612,0.46629550512893053,0.7843771089792327,0.7897068999393468,0.7717163994225134,0.8240605164916835,0.8173888961324517,0.7012288674941697,0.7930586285548314,0.7896611964906586,0.8478122143534458,0.8492841333618525,0.17156550509566032,0.30959981171591683,0.30980271284799377,0.26646309036759214,0.11489349146427885,0.708457273682502,0.5631783972184967,0.5647686209518277,0.6496487453544298,0.5162274212635161,0.6588199113267669,0.6491008807524411,0.648953519165549,0.6873464181936311,0.7696821400928607,0.5192639816250317,0.35554020966009037,0.43781190444678014,0.20921062037459098,0.15291622218225046,0.5909704860517705,0.6028516331703878,0.7382968600335126,0.563919176005921,0.5044758656660766,0.6108965168409732,0.44577853577112286,0.6853970504372334,0.5947521305042033,0.6384887488286295,10921
89,PA_I34A1_Wu_2015,1820,1,Sequence too long (716 > 600)
90,PAI1_HUMAN_Huttinger_2021,5345,1,5345 variant fitness pairs (below 50 or more than 600)
91,PKN1_HUMAN_Tsuboyama_2023_1URF,1301,1,0.12698902343234236,0.2631870550652965,0.5413823631427955,0.5335885685446,0.5045837448062721,0.47386616230078765,0.483306334893797,0.4607671467760233,0.8087101487959497,0.7884355574961212,0.7822458219852101,0.7352696886044084,0.7693118608383106,0.9002693016380829,0.8629824974652559,0.8430964499930015,0.8559712421781385,0.8639970777901812,0.46858202016117156,-0.07640213045278119,-0.08937238675921827,0.227477228061295,0.2606358400473452,0.6335132404097921,0.6917752409997959,0.6587169803030607,0.6432729566507195,0.6855187849458999,0.8495655943931806,0.8783352358129156,0.8791359636195206,0.7831488574639915,0.8587182438240882,-0.08547172213681392,0.15708898894667947,0.31264009157364536,-0.20147641264870636,-0.1691258452525032,0.40869268986807517,0.6946592785720749,0.763496208416294,0.30659947588244507,0.5650659173957286,0.7665961218435713,0.7411221269568364,0.6529019107592416,0.6580277132001269,0.7799234081929389,4069
92,POLG_CXB3N_Mattenberger_2021,15711,1,15711 variant fitness pairs (below 50 or more than 600)
93,POLG_DEN26_Suphatrakul_2023,16897,1,16897 variant fitness pairs (below 50 or more than 600)
94,POLG_HCVJF_Qi_2014,1630,1,PDBseq neq WTseq
95,PPARG_HUMAN_Majithia_2016,9576,1,9576 variant fitness pairs (below 50 or more than 600)
96,PPM1D_HUMAN_Miller_2022,7889,1,7889 variant fitness pairs (below 50 or more than 600)
97,PRKN_HUMAN_Clausen_2023,8756,1,8756 variant fitness pairs (below 50 or more than 600)
98,PTEN_HUMAN_Matreyek_2021,5083,1,5083 variant fitness pairs (below 50 or more than 600)
99,PTEN_HUMAN_Mighell_2018,7260,1,7260 variant fitness pairs (below 50 or more than 600)
100,Q2N0S5_9HIV1_Haddox_2018,12729,1,12729 variant fitness pairs (below 50 or more than 600)
