No.,Dataset,N_Variants,N_Max_Muts,Untrained_Performance_DCA,Untrained_Performance_ESM,Untrained_Performance_ProSST,Random_Split_1_DCA_hybrid,Random_Split_2_DCA_hybrid,Random_Split_3_DCA_hybrid,Random_Split_4_DCA_hybrid,Random_Split_5_DCA_hybrid,Random_Split_1_DCA+ESM_hybrid,Random_Split_2_DCA+ESM_hybrid,Random_Split_3_DCA+ESM_hybrid,Random_Split_4_DCA+ESM_hybrid,Random_Split_5_DCA+ESM_hybrid,Random_Split_1_DCA+ProSST_hybrid,Random_Split_2_DCA+ProSST_hybrid,Random_Split_3_DCA+ProSST_hybrid,Random_Split_4_DCA+ProSST_hybrid,Random_Split_5_DCA+ProSST_hybrid,Random_Split_1_DCA+ESM+ProSST_hybrid,Random_Split_2_DCA+ESM+ProSST_hybrid,Random_Split_3_DCA+ESM+ProSST_hybrid,Random_Split_4_DCA+ESM+ProSST_hybrid,Random_Split_5_DCA+ESM+ProSST_hybrid,Modulo_Split_1_DCA_hybrid,Modulo_Split_2_DCA_hybrid,Modulo_Split_3_DCA_hybrid,Modulo_Split_4_DCA_hybrid,Modulo_Split_5_DCA_hybrid,Modulo_Split_1_DCA+ESM_hybrid,Modulo_Split_2_DCA+ESM_hybrid,Modulo_Split_3_DCA+ESM_hybrid,Modulo_Split_4_DCA+ESM_hybrid,Modulo_Split_5_DCA+ESM_hybrid,Modulo_Split_1_DCA+ProSST_hybrid,Modulo_Split_2_DCA+ProSST_hybrid,Modulo_Split_3_DCA+ProSST_hybrid,Modulo_Split_4_DCA+ProSST_hybrid,Modulo_Split_5_DCA+ProSST_hybrid,Modulo_Split_1_DCA+ESM+ProSST_hybrid,Modulo_Split_2_DCA+ESM+ProSST_hybrid,Modulo_Split_3_DCA+ESM+ProSST_hybrid,Modulo_Split_4_DCA+ESM+ProSST_hybrid,Modulo_Split_5_DCA+ESM+ProSST_hybrid,Continuous_Split_1_DCA_hybrid,Continuous_Split_2_DCA_hybrid,Continuous_Split_3_DCA_hybrid,Continuous_Split_4_DCA_hybrid,Continuous_Split_5_DCA_hybrid,Continuous_Split_1_DCA+ESM_hybrid,Continuous_Split_2_DCA+ESM_hybrid,Continuous_Split_3_DCA+ESM_hybrid,Continuous_Split_4_DCA+ESM_hybrid,Continuous_Split_5_DCA+ESM_hybrid,Continuous_Split_1_DCA+ProSST_hybrid,Continuous_Split_2_DCA+ProSST_hybrid,Continuous_Split_3_DCA+ProSST_hybrid,Continuous_Split_4_DCA+ProSST_hybrid,Continuous_Split_5_DCA+ProSST_hybrid,Continuous_Split_1_DCA+ESM+ProSST_hybrid,Continuous_Split_2_DCA+ESM+ProSST_hybrid,Continuous_Split_3_DCA+ESM+ProSST_hybrid,Continuous_Split_4_DCA+ESM+ProSST_hybrid,Continuous_Split_5_DCA+ESM+ProSST_hybrid,Time_in_s
1,A0A140D2T1_ZIKV_Sourisseau_2019,9576,1,9576 variant fitness pairs (below 50 or more than 5000)
2,A0A192B1T2_9HIV1_Haddox_2018,12577,1,12577 variant fitness pairs (below 50 or more than 5000)
3,A0A1I9GEU1_NEIME_Kennouche_2019,922,1,0.05411293279402172,0.012335303791132098,0.047303886240045084,-0.027246652378924013,0.13758274464077896,0.08900687562962929,0.07980212696978117,0.07070952886182923,-0.025898422915066634,0.13654177377169063,0.08928086394203529,0.07958929607740146,0.07214081415347014,-0.040995491064648636,0.22758478541624422,0.1966523408382236,0.10920447786743018,0.04101637466836727,-0.05698714413251609,0.22696596737764926,0.1966523408382236,0.1110605436725294,0.04101637466836727,0.012929633056379244,0.0627849593552267,0.275703807364739,0.11889740098683606,0.036746870849664055,0.011859431730853657,0.04957124822831859,0.2388251183650151,0.11882530545945619,0.03895961316829546,0.03438895684946504,0.08081527420664059,0.21681723764868407,0.10803603467935957,0.015564249988555611,0.022735292998039745,0.08081527420664059,0.21735867610335502,0.102813496161543,0.009139797879970157,0.02219811103406399,0.10815176403396601,0.16160756936734122,0.10922309358486433,0.10585831188333793,-0.07482126127353267,0.12207551785871096,0.12186080867942903,0.11097464267729328,0.10716847018635825,0.022492973485510454,0.11926878555392968,0.15741400437655,0.035566998445453635,0.14063095852940002,-0.08152698294455121,0.12975309617079456,0.12230779719588933,0.035566998445453635,0.1366549749972714,812
4,A0A247D711_LISMN_Stadelmann_2021,1653,1,0.4780333927868109,-0.05973345739524583,0.4683276030553539,0.5286822591045752,0.6011752175352789,0.5163747343509477,0.5468562778914486,0.545781114468123,0.56150751696959,0.6250122124045955,0.5479278398361916,0.5785865469538788,0.5674363631781086,0.6433111661073095,0.67946055130662,0.6496813811259732,0.6352319254679547,0.604484042443457,0.640768172641661,0.6744136122419069,0.6387417056928373,0.6338713558084743,0.604048273820229,0.6098821602664102,0.4314846990904265,0.4064698963182487,0.4654900603338781,0.3489611880824616,0.5821115895478622,0.44681741459399893,0.457258567464062,0.33075101999008283,0.5004283940883753,0.6324838660023793,0.5586674508402794,0.4867796315037563,0.556657055341491,0.6241619963520624,0.60365041294363,0.5339395829330343,0.4948685353506955,0.5311759630451993,0.6464808654201574,0.27396197089131324,0.6137435594790305,0.27089873518662655,0.13026959036694327,0.4911299003312808,0.25466698045610764,0.5680835339890813,0.38776132172706534,0.18092652774305756,0.5392011722299915,0.3396817197101318,0.741539197206014,0.5118962970737311,0.2536887116911346,0.5271411495248944,0.34599890713677484,0.723322610194167,0.5193585976297107,0.17902385973458795,0.4029696729109987,1091
5,A0A2Z5U3Z0_9INFA_Doud_2016,10715,1,10715 variant fitness pairs (below 50 or more than 5000)
6,A0A2Z5U3Z0_9INFA_Wu_2014,2350,1,0.36501319970615403,0.028177484916391292,0.3661201937627494,0.31761257285191985,0.3782728185221654,0.40250280871431093,0.39976573090804246,0.3258897624557446,0.38980383401402185,0.40585206086769754,0.4729876966792482,0.4730096224735981,0.42726249775534103,0.4915436881872859,0.47317672683492207,0.5103662820198076,0.5416494711860994,0.471591257722985,0.4884019838675891,0.4627843287325989,0.5136997068891184,0.4973822452149501,0.5079662440085089,0.3850621966356768,0.3744851239379716,0.33547654900738244,0.37570766191701765,0.36704148272236276,0.43418833468685725,0.4207417668177181,0.38364624058133356,0.3867267201913951,0.4194655037364004,0.48063486649017617,0.49509152668476414,0.4958211463788411,0.4529622226637049,0.43930378631666595,0.4940727578058288,0.5024153204473862,0.5046208881031532,0.4530369560387175,0.4299835995616164,0.36214764449801906,0.3740716911017851,0.3873435891084697,0.3592135917485983,0.3042427526877665,0.3777067691650276,0.39562460556466744,0.42657174514312723,0.41436104533724827,0.3406796328616746,0.40676118667740324,0.4666788909026868,0.5109275147539782,0.4666678798150791,0.42754873509850705,0.42827134887828655,0.4644230952079828,0.5264028151082769,0.47005207397520327,0.4560830155547616,4852
7,A4D664_9INFA_Soh_2019,14421,1,14421 variant fitness pairs (below 50 or more than 5000)
8,A4GRB6_PSEAI_Chen_2020,5004,1,5004 variant fitness pairs (below 50 or more than 5000)
9,AACC1_PSEAI_Dandage_2018,1801,1,0.3180712414525488,0.0747379329019311,0.368532985214432,0.38866790064412465,0.41422752426937204,0.5022892286744647,0.39010378754645936,0.4270351645321594,0.5303275636022303,0.592603337988719,0.6550109697348487,0.6174499803239222,0.6233067641982833,0.6091688220259865,0.6411708423676109,0.6475026813478499,0.6380676805633787,0.6538754157053681,0.5843712217443872,0.6261262303978682,0.656027952890583,0.6350141590598692,0.6560899389655784,0.23855174610023142,0.1946656265978706,0.4491397992918173,0.37671107938422504,0.09223469614858894,0.3859765616111048,0.3869224495995034,0.515246744875825,0.3423935789622933,0.283412579959519,0.4857549209238821,0.5192472777458611,0.5139612832829785,0.5357980213403023,0.3831779846988978,0.4725561497326203,0.49774383627074836,0.5467620000553165,0.49946074383327344,0.37648894277945005,0.30008649284089417,0.43070225512107935,0.4642187809473381,0.5118195102515197,0.09910822345557747,0.2812774745180704,0.3944060972102387,0.3111987188610683,0.4554998841996424,0.28708363475487875,0.31021721897705995,0.44223849160026396,0.47099074279583286,0.5761655021242722,0.5011992123438275,0.27714024327337244,0.4592583193760679,0.4864137764237393,0.6229139166718345,0.5166224346534847,1535
10,ACE2_HUMAN_Chan_2020,2223,1,Sequence too long (805 > 600)
11,ADRB2_HUMAN_Jones_2020,7800,1,7800 variant fitness pairs (below 50 or more than 5000)
12,AICDA_HUMAN_Gajula_2014_3cycles,209,1,0.41950521618921593,0.12199424626898439,0.274172920796004,nan,nan,nan,nan,nan,nan,nan,nan,nan,nan,nan,nan,nan,nan,nan,nan,nan,nan,nan,nan,nan,nan,nan,0.35926017306235286,nan,nan,nan,nan,0.4750764643342994,nan,nan,nan,nan,0.4064492369513938,nan,nan,nan,nan,0.40035266140716413,nan,0.2304886654728343,nan,nan,nan,nan,0.2741964343832929,nan,nan,nan,nan,0.2901403530571674,nan,nan,nan,nan,0.34745403220052506,nan,nan,nan,nan,52
13,AMIE_PSEAE_Wrenbeck_2017,6227,1,6227 variant fitness pairs (below 50 or more than 5000)
14,ARGR_ECOLI_Tsuboyama_2023_1AOY,1287,1,0.4290041995010136,-0.04298682705908775,0.6029023718184582,0.5568146347893246,0.5295387280200359,0.5871501402980206,0.537561564614883,0.47732475835957777,0.7750471751014688,0.7238203080208329,0.7456324653877476,0.7641708046783096,0.7035124083793322,0.8074480235370651,0.7964138887132282,0.7680993235906252,0.8375048072572617,0.7528907169034476,0.8275073553328914,0.7950582923888506,0.7688981766355986,0.8389908153108315,0.7585258121436973,0.2251497656755984,0.591139101028747,0.5515219398587932,0.5057942770324027,0.40030790889007717,0.5277647348067299,0.6658202695592964,0.7650099080961413,0.7995450904097047,0.689494041218179,0.6444969298077677,0.7396526535733673,0.8297357665119541,0.8159797722590981,0.8034274517033135,0.6601673038130034,0.7201017811704835,0.82655554470781,0.8379255836575874,0.8202192340123374,0.5898181031105977,0.5244500989723119,0.20580170508879708,-0.028654354191907025,0.5064163330541458,0.5678820072844086,0.7412317966768956,0.6078283476339779,0.23761715004989267,0.661136842636647,0.6430173174373359,0.7984962386175631,0.8238526143639787,0.3910049631837421,0.7686596629640915,0.6717378517781195,0.7888104479620457,0.8159681586837563,0.38333909436571023,0.7760488876949622,824
15,B2L11_HUMAN_Dutta_2010_binding-Mcl-1,170,1,-0.09215236134822696,0.08751656377281526,0.2737196279944554,nan,nan,nan,nan,nan,nan,nan,nan,nan,nan,nan,nan,nan,nan,nan,nan,nan,nan,nan,nan,nan,nan,nan,0.787781077352985,nan,nan,nan,nan,0.19058823529411764,nan,nan,nan,nan,-0.1930316742081448,nan,nan,nan,nan,-0.20479638009049772,nan,nan,0.6595147870487449,nan,nan,nan,nan,-0.4178280542986425,nan,nan,nan,nan,0.07375565610859729,nan,nan,nan,nan,-0.31457013574660625,nan,nan,nan,44
16,BLAT_ECOLX_Deng_2012,4996,1,0.48754690664936645,0.028787684985786516,0.4833693180361762,0.6043461625308695,0.5954284090891414,0.55031266207228,0.6190683893875115,0.5779219394886406,0.6773405507202742,0.6605183061745704,0.6313934787713712,0.6878205309906672,0.6490360531918744,0.7164323555143537,0.710943433111488,0.6807610022247517,0.7326257192698159,0.6992905452162492,0.7255901152876255,0.7204286134015631,0.702056329844,0.7486612040852353,0.7154780052252094,0.5506386144510743,0.33775251122534256,0.48964958084773336,0.5741145575361914,0.4770437687973653,0.5954848444080614,0.39496518115779056,0.498162738114983,0.5715520774230927,0.5167713442004697,0.5959948167673804,0.3534255732849606,0.5620983140412745,0.631433995141696,0.5607054287686177,0.6219791517937799,0.3957258306822815,0.5587400171691508,0.6255146480629218,0.5771454322724799,0.47763285699745395,0.5991037429380679,0.6326622458884539,0.400007798514035,0.39554930931605925,0.4833232080681816,0.6146061827016118,0.637917516723561,0.41022815659130907,0.4285340132411757,0.46427709709432485,0.6509200550435931,0.6589045160306742,0.46010766143763715,0.4490940998938214,0.46850924796000454,0.6601873585839009,0.6600336272026845,0.45950089371166064,0.45139428022750766,5418
17,BLAT_ECOLX_Firnberg_2014,4783,1,0.6818524611792655,0.09528248802133418,0.7525728166077161,0.7144743853206151,0.7408429362744569,0.7664178313846247,0.7495730671422451,0.7465854575331253,0.7993887856916281,0.8440268363336482,0.8319438897192285,0.828160837850187,0.8143411982515016,0.8646062037135485,0.8787615514143993,0.8812284274942564,0.8691466510228206,0.8633795789470723,0.8658475020538882,0.8866518746665383,0.8850290014433536,0.8759514943022592,0.8660471245566806,0.7413053781079556,0.6636438184439376,0.7115431903192124,0.6670595890638324,0.7473979915956348,0.7492535006493865,0.7381947955483869,0.7899758870018653,0.7439664932649105,0.7946457326968455,0.8552472760422491,0.7808627821267239,0.8332077832921502,0.7948724071925913,0.8499059618855145,0.8320782915121813,0.8056693367577351,0.8550666491644323,0.8216568664465975,0.8650730945239351,0.6892986754049344,0.7714658971813132,0.7977379739669748,0.738428376365119,0.5243416848273121,0.7357644082061999,0.8254529666636249,0.8093323147749064,0.8205130405023761,0.6309884345169845,0.8136126058033527,0.8633589596489901,0.8308153284349954,0.8105447378580887,0.7660869816715323,0.8072595966117734,0.8812514164893637,0.839891173522895,0.8328447821083041,0.7859356011441698,5185
18,BLAT_ECOLX_Jacquier_2013,989,1,0.6799982280150232,0.111282119400602,0.6592557291306742,0.7056253215819539,0.686540225627198,0.7241533762888794,0.6710028134073607,0.6669039955333299,0.7135398055911711,0.6849387969526161,0.6906092168111698,0.7063975986794979,0.7096431583168397,0.7742303086079148,0.7305443517878377,0.8081334355491023,0.7909151308403636,0.745341933060561,0.7647807663061018,0.7297560198622196,0.7950275334266397,0.7871806333932392,0.7361829395403938,0.7422636662414535,0.6067669066875826,0.6621752159662891,0.5931430020432494,0.7527666257454101,0.7369815884428313,0.6097845885451663,0.6727064830257211,0.6512622706457704,0.7588535257087509,0.7976223087134067,0.6812066253035449,0.72353670477782,0.7174659611424425,0.7875915761195007,0.7938632562506954,0.6855623050984457,0.7093765317731938,0.7288052051221345,0.7947467445691544,0.6862911621741836,0.7555695021040288,0.797966346804769,0.7099732021602129,0.48453654533320734,0.7010608985909084,0.7502892140966285,0.8041396401636822,0.7410566953977704,0.5326477538994823,0.7751528319447034,0.7778603069986592,0.7895948107087116,0.7349059638115909,0.6625744342296253,0.7766590804741195,0.7844319207514358,0.7907346772979346,0.7415505132758091,0.6596264292301336,1069
19,BLAT_ECOLX_Stiffler_2015,4996,1,0.6770558396461916,0.08522645586347118,0.7429703301247043,0.7628509388200992,0.7104923230054969,0.7262669892049581,0.7447728622273841,0.7511187026994227,0.8120793800793801,0.7678721647499201,0.7878915308093664,0.796982252793876,0.8097004459369188,0.8695982815982817,0.8600001564690942,0.8743228077777175,0.8622483284888093,0.8772602743023584,0.8696059856059857,0.8571801019456328,0.8751498191578351,0.8626427991117368,0.8778903392370324,0.7374834972318234,0.6750477788364778,0.7325061636934472,0.6586066754890652,0.74500708711541,0.740269077359741,0.7126201508497604,0.7605404773254478,0.7135728906381901,0.7735881351827377,0.8542800627548842,0.7967834220383473,0.8380278257913205,0.7890427723677457,0.8257727612006599,0.8446257833901684,0.8058018630544252,0.8348217929060725,0.8059334166796204,0.8359594644261481,0.7105460648145291,0.7592991180235161,0.7980759459599083,0.7469282703369828,0.4778785691430761,0.7502042834958413,0.807190972479776,0.813136549314319,0.8061749398310472,0.5624142744300991,0.825983540574278,0.8598891119166686,0.807256158043934,0.8227770155515103,0.7378419297355139,0.8262590046877282,0.875998160561387,0.8128712004701353,0.832567792497682,0.7401110603356584,5422
20,BRCA1_HUMAN_Findlay_2018,1837,1,Sequence too long (1863 > 600)
21,BRCA2_HUMAN_Erwood_2022_HEK293T,265,1,Sequence too long (3418 > 600)
22,C6KNH7_9INFA_Lee_2018,10754,1,10754 variant fitness pairs (below 50 or more than 5000)
23,CALM1_HUMAN_Weile_2017,1813,1,0.1880116162650222,0.04643200815833752,0.19559250813943044,0.18952545877752236,0.20676946587097664,0.22123084699409373,0.2201703630970955,0.2240522629699066,0.20526535242758248,0.20854110838196477,0.20366875715946536,0.22097385856601492,0.22743481400373702,0.20362134098949775,0.28691114095738,0.22491998207718952,0.27287905117222916,0.23156217585025338,0.18526626562789295,0.2849663251071308,0.19343138027216383,0.27593055680807904,0.2133363672158053,0.14536488321957183,0.25743716915840387,0.21717631510951946,0.0918012640839338,0.1544596007690299,0.1444617413137111,0.2560175328241758,0.2077196075853328,0.056949714995202884,0.1758065945005028,0.16374758390953462,0.2721614551818512,0.21650727740816728,0.14106778034877815,0.18082932704499916,0.16304637749456236,0.2717957447261227,0.2241605307324614,0.13054325864890792,0.17529696351634563,0.11787914912484093,0.10212661962230067,0.147148501632779,0.3083747157032313,0.27626243242011433,0.12276348018876641,0.09979060213640495,0.14470797289334372,0.252752182801879,0.2925264054730113,0.13435788981674296,0.07379574359204266,0.18026234741089278,0.2787727111141808,0.34321551599550054,0.1281070816466656,0.08523838005876262,0.1859232773111566,0.2681538168471386,0.354837671601348,1493
24,CAR11_HUMAN_Meitlis_2020_gof,2374,1,Sequence too long (1154 > 600)
25,CAR11_HUMAN_Meitlis_2020_lof,2395,1,Sequence too long (1154 > 600)
26,CAS9_STRP1_Spencer_2017_positive,8117,1,8117 variant fitness pairs (below 50 or more than 5000)
27,CASP3_HUMAN_Roychowdhury_2020,1567,1,0.6166355580179443,0.07946197444128132,0.516917386301835,0.5670614470207265,0.6491312452956125,0.6824265697651396,0.5673779535022256,0.6620231962513297,0.5843490209416828,0.6625756205903129,0.6980220182739463,0.5773895525121587,0.6769065624349399,0.6600863792333237,0.7039329974679275,0.7627799440542363,0.6534802522725031,0.7218842796161125,0.6402926079570835,0.6779831795969034,0.7259131103120846,0.6256963870056806,0.7075178489526996,0.6608242318659533,0.6143408569773219,0.6588486752238228,0.6091139910382455,0.5770466375830741,0.6466354833176834,0.6135808945247347,0.6546387516308312,0.6079408526034293,0.5928489068229034,0.6829601118646925,0.6593191962532865,0.7222154174888321,0.6671529197909566,0.6484826635435433,0.6659703225218782,0.6414529927953454,0.7044096252822099,0.6637571880516667,0.640421621654282,0.6932580401328,0.575954277811979,0.6134259707347516,0.6044709702926642,0.62108399011554,0.6854831387858797,0.5635160838873483,0.6239127462841545,0.5881052522466775,0.6224674305169662,0.7008063922809247,0.6055182348855238,0.6713145190796383,0.6588363032509422,0.6916641528406235,0.6689741293890578,0.5756768887810667,0.6704334158593838,0.6215743861489703,0.6844779621250211,1643
28,CASP7_HUMAN_Roychowdhury_2020,1680,1,0.6400542956395568,0.11891141694909695,0.5037625615655335,0.6569805390462817,0.6549508082032189,0.6162332014552356,0.6654150896918617,0.6753037469964466,0.6765648231922203,0.6725550922791722,0.6349000018980976,0.6876528759340222,0.6865367946195264,0.682971534864887,0.6969193878002949,0.6597207898616287,0.7133341347522667,0.6901748147773216,0.6739802471322911,0.6916749444806489,0.6566104408015033,0.697677361391432,0.686332116441953,0.6671831293594291,0.6452746781204367,0.6039686451471519,0.6860430325121067,0.6290602597021787,0.6623135910106105,0.6484498643149986,0.6202783243595503,0.6971094984593731,0.6434413782269466,0.6592329788109053,0.6435294733697008,0.6306302316311617,0.7195245970202581,0.6574867010217188,0.6649949700416948,0.6574420374003924,0.6373804989465559,0.7177371192155533,0.6392799608192232,0.6465491798232242,0.5953897702481764,0.6625357434217571,0.6176890304164111,0.6654601897844048,0.6523132960136537,0.5964836621482981,0.6670880169951986,0.6299134066611161,0.6650629444735263,0.6848553035518831,0.6275520611084378,0.6753986558703919,0.6368198152701436,0.6741375458039146,0.6729287806784408,0.6053067376047502,0.6788115935315004,0.6323416338927487,0.6876900782656437,1795
29,CBS_HUMAN_Sun_2020,7217,1,7217 variant fitness pairs (below 50 or more than 5000)
30,CCDB_ECOLI_Adkar_2012,1176,1,0.07288430258166731,-0.06694273557859404,0.3973893303693367,0.26264319380402273,0.13004558893270918,0.10816214184565777,0.10449692582985876,0.20458407771965734,0.830427320836971,0.7958209498951928,0.7946558986019044,0.8844733097306583,0.851437626087971,0.8516248385653842,0.831807724238106,0.841389507820616,0.9008909131437476,0.8912757046823377,0.8505929005140129,0.8318012422202121,0.8395459436748317,0.8998240167679936,0.8918433306931328,0.2867368934025895,0.2839157647093339,0.07564000253317651,-0.1092774380347509,0.23420572666665057,0.7148620931021784,0.379206071971187,0.26127180526353055,0.38915972456171866,0.5394985447180229,0.7159874060190909,0.3700089083411242,0.41448389065603103,0.6787352975209829,0.48578229744556395,0.7229493968633173,0.39103539714253377,0.39353277178252966,0.6923994270384883,0.48835227460670644,-0.19994533219398986,0.2389020510010576,0.1954749885712324,0.20358890793354326,-0.025551634924898477,0.38807995709690535,0.6039941781111912,0.43587127839174006,0.4305683989443311,-0.22686019493193507,0.5678914689587087,0.7018883412269176,0.5492886096069661,0.460746471552779,0.14442593735164305,0.5495261283022835,0.6994251118034468,0.5446721652917818,0.4565563910658154,-0.042487063731999536,802
31,CCDB_ECOLI_Tripathi_2016,1663,1,0.18068892008695575,-0.03670342062216819,0.46767763766786447,0.23157005415532111,0.2538004625050668,0.15779947912017944,0.13284962144586668,0.17031820759248503,0.5387682220880977,0.5108723152768702,0.5089823516798279,0.45715477118102016,0.47720762839858955,0.5960776122012434,0.5785762367291599,0.6705517982547464,0.5960740522680715,0.6349491411211597,0.5943539052460385,0.5720705589977678,0.6671655294500329,0.5965741466041312,0.6342948058890789,0.25350928434572745,0.0457641066560185,-0.08371677617686638,-0.18429001838648826,0.06361362157469194,0.6034450122944505,0.2929295937475112,0.19218941805455622,0.5565401632040365,0.4328224904537478,0.6560211359722896,0.4661104748390096,0.4341582068317581,0.6023679672876311,0.5968499236228693,0.6731956987648717,0.46985894403203127,0.40248451353182596,0.6453775629791851,0.550773959885801,0.0005759608721269087,0.39833847968353686,0.15799934690952652,0.4126707006438498,0.07140269926800331,0.4052698608786671,0.5189067164437288,0.3496985196048194,0.4040716099710107,0.08454244923732003,0.5324577759670277,0.5585107149651474,0.311128530828464,0.4578521197886075,0.581805858694951,0.521026640161737,0.5698658476850728,0.336691923620692,0.45711412597492557,0.5756327734206702,1146
32,CCR5_HUMAN_Gill_2023,6137,1,6137 variant fitness pairs (below 50 or more than 5000)
33,CD19_HUMAN_Klesmith_2019_FMC_singles,3761,1,0.2402035256830742,0.021645730378043484,0.24533830780562535,0.35984569370449393,0.33858292981716087,0.280790907613903,0.3018881468162766,0.2567407860327704,0.46611049292338963,0.5120896529040563,0.4688916676588486,0.46684608217131585,0.3992821068346235,0.479407049116724,0.53536075453834,0.4901128359352455,0.47325231067489987,0.424625044718893,0.47250996158304037,0.5303710675036909,0.48669418127776265,0.473341904132386,0.4079372059321024,0.29634955332439716,0.23619935837516978,0.17465339857711623,0.29265437763433594,0.2717327324090167,0.47140351502514083,0.3292528320095944,0.3600156004713388,0.47745158981483526,0.427226230035395,0.49586309104752746,0.3695931207947732,0.34026593676272227,0.4944579896420452,0.5292503937711864,0.5053616830085097,0.35453657270878136,0.3500883645131864,0.45579664394099584,0.5052697669832517,0.22637929841829768,0.21872650570377766,0.1811492869140848,0.3197012834504262,0.21181565072118413,0.3629298054005074,0.29026943115847825,0.4295058113028378,0.28955549956664217,0.455255397639323,0.45532260564551064,0.34543066495876307,0.4092313103645886,0.20978900936429842,0.4737656254167785,0.4098383666998332,0.3491298060163072,0.45243487699862783,0.2222009955488002,0.501804945802928,7092
34,CP2C9_HUMAN_Amorosi_2021_abundance,6370,1,6370 variant fitness pairs (below 50 or more than 5000)
35,CP2C9_HUMAN_Amorosi_2021_activity,6142,1,6142 variant fitness pairs (below 50 or more than 5000)
36,DLG4_RAT_McLaughlin_2012,1576,1,Sequence too long (724 > 600)
37,DN7A_SACS2_Tsuboyama_2023_1JIC,1008,1,0.15064740928317322,0.017828982108017956,0.7098787650165861,0.3286632491606374,0.2963619691461996,0.22317794185258794,0.23539782065298037,0.34507132703614785,0.7582836439661905,0.7700096309167715,0.6787743475472465,0.7465346534653465,0.7086493276193292,0.8808285063489071,0.8852239315542465,0.8846546664812794,0.8954455445544555,0.8184380079799025,0.8666027032083401,0.8786271539439806,0.8709005817131967,0.8924013595389391,0.8286064725875574,0.10772188201748363,0.3360789676887704,0.23030815714264583,0.4717683037482598,0.3224687090129921,0.6934779960408102,0.7176820128765208,0.6844923895374612,0.786636972877024,0.7591368180461037,0.8460697426526572,0.9008483888346588,0.87696911482193,0.8951190148455251,0.8724500406675657,0.8507887924470839,0.8934099843710828,0.8750243830353185,0.8979541691148977,0.857668324256058,0.1744257477400528,0.07137128351310919,0.07199064991764573,0.26900382235363235,0.2151382152989714,0.6081352857668647,0.7519506428254765,0.4423417002176802,0.6637781894666461,0.6435143803564857,0.7808178663441822,0.7926570119698537,0.6137986168634778,0.8815255394130183,0.8484357747515642,0.7894197907355802,0.7968139500517216,0.6031515478414979,0.8827443551420093,0.8574635890425364,536
38,DYR_ECOLI_Nguyen_2023,2916,1,0.4694978286173269,0.13038415254906915,0.4406047358694486,0.5391341463943962,0.5100044049271254,0.5052058915568087,0.4953659764835485,0.5567005242402221,0.5837977355876652,0.5568110314819862,0.5438021176198109,0.5378041545673609,0.5947041511802218,0.6105541453144837,0.610803005662559,0.5776201978390193,0.6065822614836056,0.6270387384621378,0.613984814674631,0.6043482239155087,0.5807398645857306,0.6012100340119891,0.634090766548214,0.5547610055234643,0.5333161822272796,0.5467850160479653,0.42503274565316784,0.48681993422988246,0.5807572246274991,0.5560689273506385,0.5916418926987644,0.47803074659658124,0.5074047188900512,0.652785811629894,0.6067728759275256,0.6081008430913396,0.5181337517836886,0.5836000605945588,0.6140203703148504,0.6025881488807179,0.5848940818873093,0.5111650755446469,0.5553973748858383,0.37051930926001225,0.5809906683113121,0.5625509406769613,0.24139437280712547,0.5707970389047576,0.4101587993692008,0.5756471778794177,0.4670880516795945,0.2872018715472048,0.5861126831384317,0.37558880988509147,0.640177863712508,0.5740528023584597,0.3004203339201381,0.5007340042214569,0.39233947727699925,0.6711675956054137,0.5564432051086993,0.2889722052207636,0.5756515979218484,2354
39,DYR_ECOLI_Thompson_2019,2363,1,0.43944006027154986,0.08504243976741643,0.43266658885739956,0.5603911917241379,0.5462288708344155,0.47977606630022057,0.5272953876933961,0.5403507899029854,0.6139269989426909,0.5870558768205246,0.5672977788341295,0.6330123095385743,0.602884717872077,0.6885008661226961,0.6915638197938634,0.6273471380756972,0.6785700183891036,0.6616420919436921,0.6971145799361624,0.6674507280737605,0.6243927048837165,0.6782705706556286,0.6535622526047047,0.4137123189769666,0.4804895960242414,0.49507895195119705,0.4828533797736923,0.3933666357286522,0.5278916461491255,0.5383431218934555,0.564666276848284,0.5283674114216674,0.35094094951043864,0.5752280380809058,0.595558331792057,0.5590102543256472,0.60228216955074,0.4193393612579679,0.603402442519502,0.5924327392730062,0.5398473675948502,0.5868651111931734,0.40875845238241354,0.4006248329319447,0.5029129977179956,0.4959852066072024,0.5331299424566094,0.4403675026279769,0.42196522084019444,0.5748206761915542,0.5409214582813904,0.6272275595990583,0.49706475807097655,0.35136012451147725,0.601100933512371,0.6221451157783925,0.5325637576500676,0.5076162509584463,0.3504098162423846,0.6338903339312228,0.6283202931759808,0.6103848985214526,0.5305460962623453,1930
40,ENV_HV1B9_DuenasDecamp_2016,375,1,Sequence too long (853 > 600)
41,ENV_HV1BR_Haddox_2016,12863,1,12863 variant fitness pairs (below 50 or more than 5000)
42,ENVZ_ECOLI_Ghose_2023,1121,1,0.16891745980201067,-0.12003054179553825,0.25040381848818916,0.23882204773250387,0.21163467113962947,0.2840664278399307,0.15860189569505032,0.17754222950182758,0.2837476651367622,0.23145908461294448,0.33834823528941416,0.19661562739241126,0.2833859527931925,0.2114488110502765,0.3162665926409747,0.3898287217477015,0.18355454148477415,0.23115015070496917,0.28293540132274586,0.32208712921086663,0.3942448889171521,0.23434148445612812,0.30210047202715495,0.14698131891940353,0.2652615989061996,0.20512012130232832,0.23091524792227927,0.01868045282129199,0.15218013111128192,0.31398606187783845,0.21289977975646102,0.36851051266170703,0.018599954469342848,0.17558674564627288,0.3753664947718258,0.3312815602504467,0.4347941572589849,0.0692269027650178,0.19003368635149764,0.38048240878324324,0.33624743075659314,0.46069778768653824,0.11958900682291429,0.33931919644897285,0.40434259400950023,0.21200614698436263,0.00997657222697823,-0.07419234423204923,0.3648184074270159,0.40645392552722986,0.20448379912066109,-0.008099222986011193,-0.09092747486778574,0.3768688374404514,0.5201909186551609,0.21207600523205813,0.035453139574593125,0.03552622108177063,0.41415889619478125,0.4640170022400912,0.24458744734101612,0.032451368529674764,0.04796125533981828,599
43,ERBB2_HUMAN_Elazar_2016,326,1,Sequence too long (1255 > 600)
44,ESTA_BACSU_Nutschel_2020,2172,1,0.41356892031402037,0.013024227634397291,0.3286617323566662,0.5433367729935751,0.39307667288355347,0.5583636763194253,0.5388329871484694,0.5071649118441068,0.6198875292126799,0.5087914818661887,0.641476719076584,0.6168373346059669,0.6330124146546477,0.6177371753792199,0.5317585653541462,0.6251298783910674,0.6248050307705484,0.6429289081715278,0.6247703631749901,0.5435039399264683,0.6334767390408557,0.6314192593772797,0.644658835529504,0.4381769180354272,0.2806485366536055,0.44669577381148484,0.46525876257158166,0.15568872146938117,0.5213924276959045,0.46287169596974537,0.44456916319795164,0.5937268098310764,0.30929729381804094,0.5165342334406278,0.3634629514295526,0.4532347462780074,0.4758185069754718,0.3461479516008913,0.5308948144492747,0.45358831913020065,0.4555863316151519,0.5743633305977226,0.3343652260138602,0.5311111347647426,0.42358595325082865,0.23485216272865297,0.47169400524688476,0.2792245858757089,0.5183047073926462,0.42071532380470483,0.2788830391092309,0.5349037488472739,0.3191469894140603,0.4603690141666364,0.4053400487277262,0.43673419973296856,0.3966253478901808,0.44399586436998145,0.5352607649623968,0.3986037369181969,0.4053968472801521,0.4732917453929418,0.4432364489063366,1852
45,FKBP3_HUMAN_Tsuboyama_2023_2KFV,1237,1,0.2958292224632814,-0.05609706919622528,0.5868539183276581,0.3605214830080379,0.3712947886863296,0.30914209692472217,0.49903564521168076,0.3990048156780612,0.6359241327331003,0.6421944798916182,0.6846564756623144,0.6521332305526267,0.6948010269576379,0.7872605742284797,0.7991262424649623,0.8284496570968058,0.8119208631031066,0.8307685936987356,0.7842827493859464,0.7931886878846193,0.8196326014455128,0.8152535381302618,0.8287140413522458,0.37170966447451664,0.03651605861371192,0.4624129236438914,0.39271556591067047,0.48992189911349204,0.5901089121241054,0.37807947244593243,0.4686640106241699,0.5166820015252374,0.6504391760590751,0.8123738833647033,0.7676440480499501,0.6940299753367482,0.753862397202082,0.7611745044694909,0.8086783432235438,0.7706026321147407,0.7111849743881615,0.7453153694276161,0.7665930820054412,0.47125298523870557,0.2634437450073111,0.3615582512368557,-0.033162969446600264,0.45110772615405464,0.4639411758142441,0.43518832138112995,0.4281793086685532,0.2492053975914548,0.5517649313342669,0.6260819528150459,0.7427006349655585,0.8043368808486256,0.5365733961742318,0.7209105087601462,0.574566477673939,0.7589157654964006,0.80622667060192,0.4764975507196044,0.7262866998326521,773
46,GAL4_YEAST_Kitzman_2015,1195,1,Sequence too long (881 > 600)
47,GDIA_HUMAN_Silverstein_2021,1154,1,0.43410738345766475,-0.011538648055834315,0.41471785350772444,0.3888436053057433,0.47605705109611074,0.44613150312296007,0.4550519396736264,0.4517563942742771,0.4070776472432841,0.4655218910606181,0.4491308686499046,0.44855246537367166,0.4498463724997911,0.4652083013903783,0.46357233894607847,0.5033670017340042,0.534057161495092,0.44994352238356883,0.44293999820026003,0.47398406683069516,0.5010840411868455,0.5172241409119394,0.44857060219860917,0.42920819429947815,0.5319562271554472,0.4408621296441031,0.3713502982589404,0.4631384921985393,0.4294051961734119,0.4926579496473415,0.4435805466292088,0.3813145759037657,0.47608706064850514,0.47488607146391343,0.532773227913202,0.5137434595961639,0.4081880644430524,0.5167610058483566,0.4726070139676046,0.5046267402183957,0.494747642250584,0.3834202434040852,0.5085046136527896,0.4517293514734185,0.4593784986419294,0.463911625996195,0.3900690691071052,0.40441161558642996,0.44680117312980117,0.4835558571307822,0.43879074898758175,0.37085184589915327,0.36916781741673677,0.4758372085444616,0.5465957708109604,0.5184224536747845,0.4568384504109513,0.41117741550186204,0.47763649942262276,0.5392449106909584,0.49287991866059044,0.449752344211503,0.38190380897172865,1644
48,GLPA_HUMAN_Elazar_2016,245,1,0.12043167234425016,-0.03233401176958096,0.5615688418510147,nan,nan,nan,nan,nan,nan,nan,nan,nan,nan,nan,nan,nan,nan,nan,nan,nan,nan,nan,nan,nan,0.27154572543352445,0.36710545730480465,nan,nan,nan,0.5456330572867754,0.5109364319890636,nan,nan,nan,0.7361905575002133,0.6809295967190705,nan,nan,nan,0.6770255271920089,0.6910457963089542,nan,nan,nan,0.23718581394476884,nan,nan,0.16006633240519044,nan,0.2823738106756975,nan,nan,0.15960355434039647,nan,0.5426544105789389,nan,nan,0.36568694463431306,nan,0.5465247540719238,nan,nan,0.36158578263841423,87
49,HCP_LAMBD_Tsuboyama_2023_2L6Q,1040,1,0.5301760904766428,0.06709188468611324,0.7229032059158568,0.5982113064282479,0.7081268924887374,0.5599477520025109,0.5995935706233607,0.6301382174910374,0.8130410779152196,0.8534162252697721,0.7707896603777611,0.7761584334810878,0.7932382263045877,0.9021552436884244,0.91081115680658,0.8837779306886858,0.8684597248670475,0.9278029369562549,0.9000256036869309,0.9004830028857489,0.8796413350189093,0.8624628613186964,0.9230929253812548,0.4536852509564196,0.4751210845986061,0.5096538634518681,0.6014977365635262,0.4757149478463035,0.6937132280381708,0.809522056890478,0.814009210853871,0.8115901440616511,0.736198012513802,0.838446069567351,0.8571191965928808,0.9262387570217879,0.836634520678421,0.8288803301961197,0.8279872301611431,0.8803617435196383,0.9255798724984035,0.837087757465554,0.8206504022293496,0.5696891965331277,0.3757900367168666,0.6574984812224866,0.3778913698838627,0.38949817397054803,0.4739043846262082,0.6997634326009613,0.840587044534413,0.5076089662413006,0.7623087438876912,0.7747561991968914,0.8552591573186538,0.9159564120090437,0.7467826952841726,0.8632512224617488,0.7214352588455586,0.861136003584516,0.9147365792102634,0.7611915662781006,0.8597336873652665,560
50,HEM3_HUMAN_Loggerenberg_2023,5689,1,5689 variant fitness pairs (below 50 or more than 5000)
51,HMDH_HUMAN_Jiang_2019,16853,1,16853 variant fitness pairs (below 50 or more than 5000)
52,HSP82_YEAST_Cote-Hammarlof_2020_growth-H2O2,2252,1,Sequence too long (709 > 600)
53,HSP82_YEAST_Flynn_2019,13294,1,13294 variant fitness pairs (below 50 or more than 5000)
54,HSP82_YEAST_Mishra_2016,4323,1,Sequence too long (709 > 600)
55,HXK4_HUMAN_Gersing_2022_activity,8570,1,8570 variant fitness pairs (below 50 or more than 5000)
56,HXK4_HUMAN_Gersing_2023_abundance,8396,1,8396 variant fitness pairs (below 50 or more than 5000)
57,I6TAH8_I68A0_Doud_2015,9462,1,9462 variant fitness pairs (below 50 or more than 5000)
58,IF1_ECOLI_Kelsic_2016,1367,1,0.2176259098286467,0.07382855224473062,0.441599316232012,0.2014366833795352,0.13862450601547072,0.23402091053829494,0.23710117508103898,0.2955577180916881,0.5334617701325021,0.571313399311847,0.5817944345218963,0.5610289215044106,0.6370352938762094,0.663306406343094,0.7221454616491093,0.6741053616311395,0.6825220354983297,0.7228093891637166,0.6760566502614012,0.7222743844234938,0.6797352526930689,0.685662105689908,0.7367206227365611,-0.02860455394203561,0.0813026335840816,0.21274103362454594,0.2562658705765042,0.024105463083338524,0.27282772287556895,0.19186991785024812,0.16712420834404432,0.10266804684796763,0.47301789564175245,0.5871816689053553,0.6051363024822217,0.407634705886929,0.26126079886490966,0.27070140704861706,0.46775062014661717,0.6909621602300025,0.43667632293465314,0.13815879869689598,0.46242994595342635,0.3351336986547909,0.1314345584176101,0.044715439792238756,0.32645609042624063,0.3201185667271071,0.40540751155749793,0.45511436056883764,0.07818666738192118,0.27359875236123876,0.5451602645469263,0.4730794644140542,0.29648084588932483,0.5029753365618495,0.5480372204051124,0.42183139174151607,0.4977464554513446,0.3360078755995144,0.44556151069837213,0.39553095281684847,0.542564917585259,868
59,ILF3_HUMAN_Tsuboyama_2023_2L33,1329,1,0.38837476410356747,0.09602863498325351,0.5480574208782039,0.4469341591529389,0.46333281180319974,0.46458059489460346,0.5167176985212106,0.5189099878447011,0.6227409736977594,0.6745108478212704,0.6420810346833801,0.625683458168423,0.6560543726382854,0.7814623478348192,0.7451202736542437,0.7641281495024397,0.7514547445569615,0.7416306632791241,0.7439643203833199,0.7759267789996509,0.7861110269844636,0.7348601522887142,0.7416422703413766,0.5705852050416612,0.2748064433238744,0.44587620696744806,0.44026499463135016,0.3743136925968519,0.6863206280353279,0.4563333878249061,0.712649140235347,0.45218189206375997,0.5060603967890958,0.8186428220887961,0.5605376846682387,0.7893250582905754,0.45380597546591794,0.7056973501465098,0.8139380952428614,0.6738880040325549,0.8057693161141436,0.5236026418071522,0.6628750611777965,0.5275914309342941,0.4174212870356396,0.39543098493946965,0.317960781484786,0.27895690318222927,0.5989076020289759,0.5616096415997113,0.46169617893755815,0.5139188301322222,0.5384063113133302,0.7524212887754312,0.6830846412772928,0.6782892782892781,0.6238307523028737,0.6390751885543893,0.7641276840278929,0.7131134009982074,0.6818048059427368,0.6324432758197596,0.705525868824796,842
60,KCNE1_HUMAN_Muhammad_2023_expression,2339,1,0.053498185091334,-0.0011660745617372763,0.22904097794104009,0.4662678528846974,0.37149485477636107,0.45280070907773684,0.2969198428764036,0.4269608295917751,0.5121061515960681,0.41101713120633504,0.5894821724026876,0.3638571151115496,0.4193428549008407,0.6827593449089822,0.5891477033731499,0.6833156616147443,0.5271510532145259,0.5637176341287139,0.5628488613243638,0.4889617610701697,0.6639068581604297,0.4646008960304719,0.4883736302113121,0.36679975675467735,0.43302537582773937,0.4423638073851741,0.47475135593765594,0.4053050379986786,0.5335248659928535,0.5083145348344701,0.44518502458209985,0.6368722550262599,0.5409419779503718,0.6440222332834588,0.753994487893099,0.6171643564769604,0.6252063838037184,0.6516961016913861,0.5938364865269491,0.6947633162679168,0.612091335915448,0.6180350652557551,0.6243093415120201,0.20253924441614501,0.18130438586919503,-0.02952062404035261,-0.04479608742425545,0.05810709010023961,0.32518357272904463,0.3838255911461291,0.1191058769143741,0.33722472425365807,0.22668088524693672,0.620472915100444,0.44216300084730215,0.33956553959321545,0.4164580548503552,0.6242985130124564,0.5935456248205208,0.4343468566836418,0.3001669675867963,0.4525511497727761,0.5453404917336963,1812
61,KCNE1_HUMAN_Muhammad_2023_function,2315,1,0.5176046085456765,0.14368657814999936,0.35662661473806295,0.5525505788076598,0.6548686597856025,0.5612389079120907,0.5414582753052242,0.5922710285709446,0.660168283715986,0.74884645591989,0.6423595024175941,0.6865022405910168,0.7120878023443749,0.7181360197856808,0.794848937835085,0.6970477202844819,0.7189198397491388,0.7468373958654735,0.7028820587322112,0.7909004583708537,0.6890055557758692,0.7167869741043196,0.7425445821029344,0.540346665001528,0.5775731137835498,0.5925755079059957,0.6192264602830007,0.5446563158113115,0.6943962196437912,0.6364071675658315,0.623232052552261,0.7209522813026497,0.6738037919151302,0.7019610965286719,0.6841599789929642,0.6819027436177232,0.7270900819334325,0.7395554771139404,0.7055459677547767,0.6701817282193064,0.6648362770002962,0.7294400361301453,0.7262756114839273,0.5301147217778951,0.6557204222023019,0.46784544099533565,0.47248814347780727,0.5467418833592775,0.6599466085304081,0.6636941762208829,0.5423601261886631,0.5738778086028149,0.6390095831862143,0.6468744161329406,0.6710924980810925,0.6193810844261272,0.6096073944643808,0.639421316343599,0.6798880111165879,0.6894203198567399,0.6739733829768457,0.6002187964404259,0.626058183307333,1787
62,KCNH2_HUMAN_Kozek_2020,200,1,PDBseq neq WTseq
63,KCNJ2_MOUSE_Coyote-Maestas_2022_function,6963,1,6963 variant fitness pairs (below 50 or more than 5000)
64,KCNJ2_MOUSE_Coyote-Maestas_2022_surface,6917,1,6917 variant fitness pairs (below 50 or more than 5000)
